nan,nan,nan,2.586138013466265565e-09,2.714142884621290480e-09,2.848539633966292547e-09,2.989657181535700971e-09,3.137843296250409939e-09,3.293466064598211440e-09,3.456915547981391776e-09,3.628605661312645931e-09,3.808976318208368109e-09,3.998495892840020294e-09,4.197664062886691645e-09,4.407015115145822638e-09,4.627121807457520222e-09,4.858599913937725028e-09,5.102113604035987692e-09,5.358381845886715393e-09,5.628186085853013477e-09,5.912379498348606341e-09,6.211898216413987537e-09,6.527775042380499455e-09,6.861156301516851933e-09,7.213322696896798946e-09,7.585715297015877587e-09,7.979968152749073481e-09,8.397949542268119268e-09,8.841814538862716462e-09,9.314072555964470862e-09,9.817674891089143480e-09,1.035612921678900370e-08,1.093365074508049469e-08,1.155536384634862717e-08,1.222757383903634238e-08,1.295813761120938767e-08,1.375697524637125784e-08,1.463678575819249539e-08,1.561406296799196855e-08,1.671056052086782835e-08,1.795544215762297439e-08,1.938850039422685703e-08,2.106508194845580849e-08,2.306381512621242010e-08,2.549908091535034785e-08,2.854179911924290333e-08,3.245537425138144734e-08,nan,nan,nan
nan,nan,nan,2.573666903143557757e-09,2.701005658553084572e-09,2.834700226893537823e-09,2.975077511361789407e-09,3.122483139892360728e-09,3.277282924245683019e-09,3.439864505818465291e-09,3.610639222129965358e-09,3.790044237637955715e-09,3.978544989019134496e-09,4.176638010528020187e-09,4.384854216170642205e-09,4.603762737999936874e-09,4.833975441233837743e-09,5.076152267302216267e-09,5.331007599724245941e-09,5.599317888020747010e-09,5.881930843278742730e-09,6.179776594090537835e-09,6.493881309996287779e-09,6.825383946500406323e-09,7.175556966634986182e-09,7.545832161736416191e-09,7.937833058607752523e-09,8.353415900669586807e-09,8.794721875606115541e-09,9.264244226406580880e-09,9.764915229243922874e-09,1.030021994039571283e-08,1.087434638405910285e-08,1.149238584771508993e-08,1.216060289816508144e-08,1.288680356127624450e-08,1.368084356552996442e-08,1.455533931376301742e-08,1.552667695946093063e-08,1.661646754000852576e-08,1.785368262456079928e-08,1.927785089614241287e-08,2.094394940772874474e-08,2.293007671137957049e-08,2.534983519958572389e-08,2.837296698995714866e-08,3.226103534400969434e-08,3.743178510949383306e-08,nan,nan
nan,nan,nan,2.561437374748345382e-09,2.688123871121284774e-09,2.821130923651243177e-09,2.960783467574329803e-09,3.107425041588789089e-09,3.261419238369558790e-09,3.423151338549235102e-09,3.593030165552002190e-09,3.771490202346435360e-09,3.958994021244572139e-09,4.156035090462505526e-09,4.363141035740687763e-09,4.580877453895297335e-09,4.809852398725271488e-09,5.050721691618043849e-09,5.304195244634889260e-09,5.571044638382159023e-09,5.852112258800019120e-09,6.148322381711124402e-09,6.460694713135491848e-09,6.790361026320385839e-09,7.138585754338867279e-09,7.506791647936101235e-09,7.896591979347616356e-09,8.309831264163808274e-09,8.748637160242612340e-09,9.215487154224168932e-09,9.713294986936080582e-09,1.024552368153172865e-08,1.081633476828154093e-08,1.143078730382509155e-08,1.209510615098956613e-08,1.281704778505921421e-08,1.360640524122903886e-08,1.447571445210249048e-08,1.544125670216840421e-08,1.652450414481957363e-08,1.775424122005380164e-08,1.916973974408635132e-08,2.082561693340823276e-08,2.279945579697488560e-08,2.520410121975249175e-08,2.820814991194616226e-08,3.207137505971859570e-08,3.720861421154715545e-08,4.431073716486770160e-08,nan
nan,nan,nan,2.549441272348075738e-09,2.675488866437024112e-09,2.807822537160108706e-09,2.946765298270771796e-09,3.092658649790116085e-09,3.245864017772965421e-09,3.406764379055467275e-09,3.575766103739324498e-09,3.753301057920752926e-09,3.939829019378590293e-09,4.135840465061802761e-09,4.341859812852289894e-09,4.558449210912478761e-09,4.786212996017646353e-09,5.025802970267388977e-09,5.277924685575326029e-09,5.543344974291510647e-09,5.822901028783329464e-09,6.117511419751918629e-09,6.428189549226661990e-09,6.756060188202453555e-09,7.102379941104923228e-09,7.468562743235645499e-09,7.856211870454292102e-09,8.267160404480773211e-09,8.703522812983110717e-09,9.167761221369246384e-09,9.662771302830134070e-09,1.019199459911371847e-08,1.075956681504122324e-08,1.137051558809554500e-08,1.203102707948316038e-08,1.274880946597309273e-08,1.353359467823989941e-08,1.439784022429040813e-08,1.535772518957879751e-08,1.643458640258591394e-08,1.765702598783065340e-08,1.906406554215584102e-08,2.070997182754953727e-08,2.267182585692361194e-08,2.506173511433082101e-08,2.804718166002398852e-08,3.188619732691959725e-08,3.699079279687369102e-08,4.404703662976247365e-08,5.425555228518205274e-08
nan,nan,nan,2.537670830457722627e-09,2.663092404529317703e-09,2.794766323569305853e-09,2.933013724254626657e-09,3.078174115955648544e-09,3.230606809224798104e-09,3.390692531421092470e-09,3.558835257106942906e-09,3.735464298669094486e-09,3.921036705188830487e-09,4.116040034260974544e-09,4.320995573126484824e-09,4.536462103980014377e-09,4.763040336702896118e-09,5.001378151528498437e-09,5.252176846108837948e-09,5.516198619915143358e-09,5.794275599364457920e-09,6.087320788120864881e-09,6.396341439621832529e-09,6.722455494199755136e-09,7.066911918451287341e-09,7.431116052330878603e-09,7.816661418138644157e-09,8.225369946242865095e-09,8.659343238831532484e-09,9.121028439518549002e-09,9.613303598345270466e-09,1.013958930664097314e-08,1.070399608187662813e-08,1.131152091819927227e-08,1.196831223450138600e-08,1.268203110678785800e-08,1.346234988046905879e-08,1.432164959017312735e-08,1.527600968706193442e-08,1.634663506507752498e-08,1.756195013646926593e-08,1.896073263112715814e-08,2.059690781257240693e-08,2.254706763458567711e-08,2.492260136672229853e-08,2.788990574934132848e-08,3.170531770292294067e-08,3.677809764223382196e-08,4.378964546811282417e-08,5.393222294167263403e-08
nan,nan,nan,2.526118649961794123e-09,2.650926635632002041e-09,2.781953953750157633e-09,2.919519908501142193e-09,3.063962063040020594e-09,3.215637661796858172e-09,3.374925235085499062e-09,3.542226417141816623e-09,3.717968026628019167e-09,3.902604448100521914e-09,4.096620388375477811e-09,4.300534077454451561e-09,4.514901012467406916e-09,4.740318361348474962e-09,4.977430176187629424e-09,5.226933602104540803e-09,5.489586315891709889e-09,5.766215499839012642e-09,6.057728724273671248e-09,6.365127241844613211e-09,6.689522326286723481e-09,7.032155492085680299e-09,7.394423688791181712e-09,7.777910922575156804e-09,8.184428241809877025e-09,8.616064693467738129e-09,9.075252802662985279e-09,9.564853422919878953e-09,1.008826670277115238e-08,1.064957858194324354e-08,1.125375615783957472e-08,1.190691102176731086e-08,1.261665829657441018e-08,1.339261219517091960e-08,1.424707915337576515e-08,1.519604142733406010e-08,1.626057523268476746e-08,1.746893166723218519e-08,1.885965066818587690e-08,2.048632456320101080e-08,2.242506860664008913e-08,2.478657217899640672e-08,2.773617470041136563e-08,3.152856248749305408e-08,3.657031870690798043e-08,4.353830089456834907e-08,5.361664039646040893e-08
nan,nan,nan,2.514777675850945469e-09,2.638984076167793299e-09,2.769377490054246495e-09,2.906275429524544575e-09,3.050013556416108510e-09,3.200947095810457274e-09,3.359452430354438088e-09,3.525928909438887767e-09,3.700800913482823290e-09,3.884520224515779442e-09,4.077568764378526583e-09,4.280461777209361024e-09,4.493751550643160011e-09,4.718031793943638995e-09,4.953942820440519695e-09,5.202177719372188213e-09,5.463489752872558843e-09,5.738701273842021214e-09,6.028714547952654118e-09,6.334524969171373240e-09,6.657237301359495352e-09,6.998085784023320053e-09,7.358459175295769996e-09,7.739932190887933931e-09,8.144305254520319235e-09,8.573655158620733706e-09,9.030400154917934303e-09,9.517384310072661238e-09,1.003798781591149211e-08,1.059627262079513888e-08,1.119717663599384551e-08,1.184677550560375297e-08,1.255263949715482381e-08,1.332432608451251917e-08,1.417406889468567445e-08,1.511775533207508948e-08,1.617633604520493406e-08,1.737789303277885899e-08,1.876073424834224786e-08,2.037812727561910765e-08,2.230572249334001212e-08,2.465352690888036953e-08,2.758584937677494351e-08,3.135576791894615847e-08,3.636725813659829706e-08,4.329275560193922647e-08,5.330848154025713631e-08
nan,nan,nan,2.503641176651656151e-09,2.627257587191292204e-09,2.757029360443014758e-09,2.893272256101544938e-09,3.036320076989646208e-09,3.186526073819870257e-09,3.344264530454309001e-09,3.509932561566494302e-09,3.683952165435098976e-09,3.866772580289669337e-09,4.058873006131645232e-09,4.260765769379671137e-09,4.473000021614709751e-09,4.696166092685439048e-09,4.930900642937229391e-09,5.177892799841588148e-09,5.437891511593179257e-09,5.711714414375561188e-09,6.000258591942357229e-09,6.304513714422088903e-09,6.625578189991290396e-09,6.964679149716737915e-09,7.323197351974175394e-09,7.702698438307923024e-09,8.104972456536681402e-09,8.532084228795924253e-09,8.986438067965438156e-09,9.470861645837793231e-09,9.988715663227988297e-09,1.054403863876401355e-08,1.114173998092758208e-08,1.178786022931547233e-08,1.248992584871338014e-08,1.325743890919804507e-08,1.410256194636516733e-08,1.504108975801856327e-08,1.609385040611015522e-08,1.728876082670946678e-08,1.866390255730857625e-08,2.027222628005584046e-08,2.218892881336082789e-08,2.452335155239539861e-08,2.743879837412493380e-08,3.118677944132165440e-08,3.616872934797474760e-08,4.305277660575813002e-08,5.300744233393718880e-08
nan,nan,nan,2.492702724948419421e-09,2.615740353470671607e-09,2.744902337877991786e-09,2.880502723968309910e-09,3.022873496360329415e-09,3.172365974602680166e-09,3.329352390147613671e-09,3.494227672522977383e-09,3.667411490719156691e-09,3.849350595638755913e-09,4.040521526802520535e-09,4.241433757807961970e-09,4.452633374840268527e-09,4.674707404591296471e-09,4.908288936739007988e-09,5.154063226809681837e-09,5.412775007058545223e-09,5.685237304158453322e-09,5.972342137731931657e-09,6.275073585737573449e-09,6.594523843866360714e-09,6.931913098855142387e-09,7.288614292120211565e-09,7.666184198457400580e-09,8.066402727810644557e-09,8.491323006605531971e-09,8.943335728598117518e-09,9.425252546216793808e-09,9.940415118938444030e-09,1.049283907215675653e-08,1.108740596787797186e-08,1.173012204912456814e-08,1.242847098984939218e-08,1.319190073549143791e-08,1.403250437812702833e-08,1.496598625937935752e-08,1.601305472080318717e-08,1.720146549897090539e-08,1.856907905213422716e-08,2.016853667968271008e-08,2.207459247684285205e-08,2.439593827742026956e-08,2.729489746960263382e-08,3.102145104221920431e-08,3.597455620685105759e-08,4.281814417284390829e-08,5.271323636931760743e-08
nan,nan,nan,2.481956180460001675e-09,2.604425864803605357e-09,2.732989519844691899e-09,2.867959514227228537e-09,3.009666053283871041e-09,3.158458567868875764e-09,3.314707280909352222e-09,3.478804984585593885e-09,3.651169069595381409e-09,3.832243853767168259e-09,4.022503274714644118e-09,4.222454016244916160e-09,4.432639166845862233e-09,4.653642522985788375e-09,4.886093683743875993e-09,5.130674118231414000e-09,5.388124437074465794e-09,5.659253160633242213e-09,5.944947357475589585e-09,6.246185638945989022e-09,6.564054127913680392e-09,6.899766222818701650e-09,7.254687223503462605e-09,7.630365238927435721e-09,8.028570268332621724e-09,8.451344006450203384e-09,8.901063835493241691e-09,9.380525748777125920e-09,9.893052794767956830e-09,1.044263822322353419e-08,1.103413637925925368e-08,1.167351998483992015e-08,1.236823089350463484e-08,1.312766415587741419e-08,1.396384500258943470e-08,1.489238938315595277e-08,1.593388866359245419e-08,1.711594109533363457e-08,1.847619117449333743e-08,2.006697802536930172e-08,2.196262341441686332e-08,2.427118499046851244e-08,2.715402911698902966e-08,3.085964464209085610e-08,3.578457227211525199e-08,4.258865085353278626e-08,5.242559354769797724e-08
nan,nan,nan,2.471395672702633061e-09,2.593307898372873453e-09,2.721284309573613111e-09,2.855635633442070632e-09,2.996690333271669247e-09,3.144795991709486465e-09,3.300320866179960385e-09,3.463655657226016017e-09,3.635215525874383680e-09,3.815442410242432568e-09,4.004807701456033960e-09,4.203815354314619397e-09,4.413005524947671794e-09,4.632958849682896322e-09,4.864301513404709057e-09,5.107711281942668668e-09,5.363924734665786278e-09,5.633745984280802555e-09,5.918057258470871778e-09,6.217831821467359329e-09,6.534149857774972267e-09,6.868218127852280373e-09,7.221394458430902520e-09,7.595218484687247077e-09,7.991450515039018589e-09,8.412121065749837354e-09,8.859594501209914802e-09,9.336651506708306633e-09,9.846596929167236402e-09,1.039340214083782408e-08,1.098189487396894037e-08,1.161801507796294074e-08,1.230916371555422530e-08,1.306468412459250817e-08,1.389653519071999243e-08,1.482024646303531395e-08,1.585629496096846163e-08,1.703212501687588414e-08,1.838517007991486208e-08,1.996747401548642078e-08,2.185293622865422137e-08,2.414899494534695777e-08,2.701608198245710213e-08,3.070122954136336187e-08,3.559862011530059769e-08,4.236410059750005208e-08,5.214425888973522965e-08
nan,nan,nan,2.461015586111851848e-09,2.582380502393610143e-09,2.709780398653187677e-09,2.843524393952307465e-09,2.983939247615583337e-09,3.131370731284071196e-09,3.286185178682943420e-09,3.448771243074026097e-09,3.619541902351216926e-09,3.798936765774888815e-09,3.987424732343873804e-09,4.185507085980812553e-09,4.393721112730223540e-09,4.612644357793925324e-09,4.842899664125009953e-09,5.085161174454333979e-09,5.340161524159171697e-09,5.608700513135907334e-09,5.891655633214990969e-09,6.189994917839082509e-09,6.504792742006518934e-09,6.837249371737549979e-09,7.188715325354580613e-09,7.560721946790164227e-09,7.955020065428779284e-09,8.373629262487048560e-09,8.818901169633183301e-09,9.293601495660262164e-09,9.801017285237406973e-09,1.034509851073949529e-08,1.093064687240564388e-08,1.156357026433352761e-08,1.225122965543652172e-08,1.300291780676330262e-08,1.383052871771359492e-08,1.474950744345626422e-08,1.578021919288468840e-08,1.694995780275497071e-08,1.829595039494369101e-08,1.986995222088008335e-08,2.174544989756570008e-08,2.402927638239609612e-08,2.688095052720293300e-08,3.054608191265271247e-08,3.541655068708875568e-08,4.214430794967402279e-08,5.186899144335086833e-08
nan,nan,nan,2.450810545690786373e-09,2.571637980952674789e-09,2.698471750357448140e-09,2.831619398847018591e-09,2.971406015441377279e-09,3.118175599071186935e-09,3.272292599427534023e-09,3.434143664068200461e-09,3.604139635374931247e-09,3.782717840456243292e-09,3.970344739009002247e-09,4.167519000078330891e-09,4.374775100530234925e-09,4.592687558873035564e-09,4.821875947515927250e-09,5.063010862780215642e-09,5.316821079154924268e-09,5.584102177336106581e-09,5.865727012558261068e-09,6.162658499702082459e-09,6.475965328799498304e-09,6.806841409528641792e-09,7.156630108457213240e-09,7.526854656512946502e-09,7.919256607001027122e-09,8.335844840332149913e-09,8.778958528641675048e-09,9.251348725826219754e-09,9.756285056495730750e-09,1.029769655172816296e-08,1.088035944275170093e-08,1.151015025527698474e-08,1.219439082767882190e-08,1.294232443417365695e-08,1.376578159922473210e-08,1.468012471209217103e-08,1.570560961052127064e-08,1.686938292511521015e-08,1.820846999145645604e-08,1.977434383054456989e-08,2.164008747052461033e-08,2.391194219785524715e-08,2.674853461408741263e-08,3.039408433649588969e-08,3.523822274618689092e-08,4.192909731191207980e-08,5.159956329701559215e-08
nan,nan,nan,2.440775403835570434e-09,2.561074879505216077e-09,2.687352585433883597e-09,2.819914523402532495e-09,2.959084146373522074e-09,3.105203716561348999e-09,3.258635837546155381e-09,3.419765193456286040e-09,3.589000533210674248e-09,3.766776949893722132e-09,3.953558514025499189e-09,4.149841333475976863e-09,4.356157134478854021e-09,4.573077471737960431e-09,4.801218715220458786e-09,5.041247988717474740e-09,5.293890287253953985e-09,5.559937059495373780e-09,5.840256622354639191e-09,6.135806879485145715e-09,6.447650954324216989e-09,6.776976537157657896e-09,7.125119990527081613e-09,7.493596604374727895e-09,7.884138851256259127e-09,8.298745137463061433e-09,8.739742437768570247e-09,9.209867460935639727e-09,9.712372780020966972e-09,1.025116692663519145e-08,1.083100120169320717e-08,1.145772142804840049e-08,1.213861114368948510e-08,1.288286518652912086e-08,1.370225195684518025e-08,1.461205294630184746e-08,1.563241696166046104e-08,1.679034660403614651e-08,1.812266977923380626e-08,1.968058342161086995e-08,2.153677581253559881e-08,2.379690963845337897e-08,2.661873915426259775e-08,3.024512536988754275e-08,3.506350233239635731e-08,4.171830226964737388e-08,5.133575866593715707e-08
nan,nan,nan,2.430905227342537405e-09,2.550685972328749632e-09,2.676417367060309101e-09,2.808403901292187993e-09,2.946967424629957253e-09,3.092448496725286196e-09,3.245207913180971229e-09,3.405628433210706295e-09,3.574116755085928121e-09,3.751105783093509188e-09,3.937057246484739651e-09,4.132464745358865236e-09,4.337857310440579929e-09,4.553803593600007690e-09,4.780916828232493094e-09,5.019860736449133723e-09,5.271356612048697949e-09,5.536191856875894854e-09,5.815230343230372163e-09,6.109425066934126843e-09,6.419833701238898688e-09,6.747637843824016237e-09,7.094167000176188636e-09,7.460928683716025061e-09,7.849646474396107066e-09,8.262308522048570899e-09,8.701229857769857320e-09,9.169133143284432792e-09,9.669254253335754291e-09,1.020548165023729652e-08,1.078254222023544107e-08,1.140625172456048018e-08,1.208385619839035586e-08,1.282450306160480825e-08,1.363989988715637447e-08,1.454524897165075736e-08,1.556059434801507928e-08,1.671279763523017204e-08,1.803849351495078592e-08,1.958860874175615698e-08,2.143544535908529050e-08,2.368410002425856135e-08,2.649147377899957593e-08,3.009909916433055809e-08,3.489226228380522133e-08,4.151176497359272476e-08,5.107737306461792454e-08
nan,nan,nan,2.421195287055361284e-09,2.540466249503216893e-09,2.665660788198739024e-09,2.797081910272678074e-09,2.935049893309137115e-09,3.079903628894613239e-09,3.232002139259219670e-09,3.391726297453033440e-09,3.559480791983294352e-09,3.735696381239759109e-09,3.920832501430628272e-09,4.115380293861699058e-09,4.319866148652538816e-09,4.534855873324454391e-09,4.760959627204880065e-09,4.998837801310391608e-09,5.249208061821317244e-09,5.512853846400240700e-09,5.790634673429726783e-09,6.083498730049350692e-09,6.392498351066476821e-09,6.718809165873678695e-09,7.063753962868801739e-09,7.428832637300761236e-09,7.815760059681984379e-09,8.226514331821483155e-09,8.663398785890900353e-09,9.129122324601154936e-09,9.626904465062241882e-09,1.016061401139017463e-08,1.073495393686509902e-08,1.135571055796928678e-08,1.203009317685038023e-08,1.276720277054750760e-08,1.357868734175082301e-08,1.447967162817656008e-08,1.549009706749449647e-08,1.663668723114824522e-08,1.795588762340353623e-08,1.949836051266230651e-08,2.133602989171883139e-08,2.357343848780012941e-08,2.636665253801834644e-08,2.995590509448289215e-08,3.472438179047903838e-08,4.130933557235210738e-08,5.082421254483669208e-08
nan,nan,nan,2.411641045831769562e-09,2.530410905814414270e-09,2.655077759057492053e-09,2.785943159138501330e-09,2.923325841934766099e-09,3.067563063004344062e-09,3.219012106248085471e-09,3.378051995144063252e-09,3.545085447605144627e-09,3.720541119497227714e-09,3.904876197707807550e-09,4.098579414067963187e-09,4.302174570519377744e-09,4.516224685677535810e-09,4.741336907849664355e-09,4.978168361550507582e-09,5.227433158772358118e-09,5.489910852281280150e-09,5.766456692458798816e-09,6.058014156905440993e-09,6.365630346922988393e-09,6.690475044256809644e-09,7.033864455169050116e-09,7.397291010567540978e-09,7.782461045905591988e-09,8.191342818064809421e-09,8.626228195862305827e-09,9.089812598462865640e-09,9.585299519756393975e-09,1.011653849779002883e-08,1.068820907708304216e-08,1.130606872270245749e-08,1.197729075149517645e-08,1.271093063464557803e-08,1.351857801629939177e-08,1.441528165485097918e-08,1.542088248813745926e-08,1.656196887408315228e-08,1.787480103896841812e-08,1.940978224671819798e-08,2.123846633135125636e-08,2.346485373745143275e-08,2.624419362166683027e-08,2.981544743108300523e-08,3.455974599037861052e-08,4.111087169164557223e-08,5.057609299704572337e-08
nan,nan,nan,2.402238149042889578e-09,2.520515329486224451e-09,2.644663395915191567e-09,2.774982475422531125e-09,2.911789791877459309e-09,3.055420996212388045e-09,3.206231666997111654e-09,3.364599014328377318e-09,3.530923823428951189e-09,3.705632687895270305e-09,3.889180589602444535e-09,4.082053897470476294e-09,4.284773875477170175e-09,4.497900809485047434e-09,4.722038893835162711e-09,4.957842051689595548e-09,5.206020910967830578e-09,5.467351214603294394e-09,5.742684032001216489e-09,6.032958221520308077e-09,6.339215755986753437e-09,6.662620685270940472e-09,7.004482762820732295e-09,7.366287104152764427e-09,7.749731678662130397e-09,8.156775093575383434e-09,8.589697981415338619e-09,9.051182547135057210e-09,9.544416576449357077e-09,1.007323072662865554e-08,1.064228157922126011e-08,1.125729832055155406e-08,1.192541899930353093e-08,1.265565449066197462e-08,1.345953724623321800e-08,1.435204157094280781e-08,1.535290992329606755e-08,1.648859818057486496e-08,1.779518504950147326e-08,1.932282007775330261e-08,2.114269454199945340e-08,2.335827783715216771e-08,2.612401910114593698e-08,2.967763503316318507e-08,3.439824558771484614e-08,4.091623794769404494e-08,5.033283950564745147e-08
nan,nan,nan,2.392982415015307232e-09,2.510775092951516636e-09,2.634413010066768957e-09,2.764194893972353959e-09,2.900436484905170693e-09,3.043471859266946389e-09,3.193654923255476861e-09,3.351361107272801317e-09,3.516989300989294008e-09,3.690964075205729638e-09,3.873738248490909646e-09,4.065795872932518813e-09,4.267655723159629437e-09,4.479875404333963420e-09,4.703056214729479973e-09,4.937848937642896005e-09,5.184960784030885052e-09,5.445163763286062708e-09,5.719304842273616281e-09,6.008318351496799532e-09,6.313241234948199704e-09,6.635231921753636465e-09,6.975593840826675664e-09,7.335804932758522935e-09,7.717554965157238950e-09,8.122793084019988484e-09,8.553788905692550011e-09,9.013211678609454154e-09,9.504233788117390378e-09,1.003066738029219573e-08,1.059714652114475899e-08,1.120937267852475283e-08,1.187444931982250684e-08,1.260134360311700364e-08,1.340153191408416888e-08,1.428991557486823514e-08,1.528614051725674995e-08,1.641653277175936633e-08,1.771699315889510928e-08,1.923742260432360807e-08,2.104865716372159740e-08,2.325364600292233046e-08,2.600605469743912225e-08,2.954238106478570188e-08,3.423977650776278310e-08,4.072530551839876544e-08,5.009428576232005719e-08
nan,nan,nan,2.383869826104884485e-09,2.501185942562608259e-09,2.624322097918282672e-09,2.753575646472454132e-09,2.889260871636950683e-09,3.031710305402009449e-09,3.181276212304308332e-09,3.338332276668458338e-09,3.503275528096259191e-09,3.676528552414424272e-09,3.858542046580334046e-09,4.049797788712566265e-09,4.250812111732041567e-09,4.462139991180545363e-09,4.684379883720112241e-09,4.918179493693065378e-09,5.164242680124227526e-09,5.423337789407986306e-09,5.696307765696947249e-09,5.984082497805327552e-09,6.287693997944962268e-09,6.608295182682585246e-09,6.947183276910332474e-09,7.305829185623830437e-09,7.685914631957500308e-09,8.089379483211643910e-09,8.518482551443893101e-09,8.975880378410090066e-09,9.464730246006352074e-09,9.988826145419761301e-09,1.055278006412369418e-08,1.116226628287094883e-08,1.182435435984323107e-08,1.254796858144863430e-08,1.334453035759886796e-08,1.422886944664773821e-08,1.522053713927115806e-08,1.634573216424735166e-08,1.764018095668540117e-08,1.915354074478770898e-08,2.095629943729662620e-08,2.315089641445335005e-08,2.589022955481160220e-08,2.940960273329525452e-08,3.408423957512215227e-08,4.053795172026180391e-08,4.986027351600442015e-08
nan,nan,nan,2.374896520493987242e-09,2.491743790195945489e-09,2.614386331532122639e-09,2.743120150161750186e-09,2.878258100764994580e-09,3.020131197870906548e-09,3.169090095000942544e-09,3.325506762960196587e-09,3.489776404876136663e-09,3.662319659395182452e-09,3.843585140715269509e-09,4.034052395787854958e-09,4.234235361344385692e-09,4.444686432228695784e-09,4.666001278024880603e-09,4.898824580708571574e-09,5.143856911121305510e-09,5.401863021984834777e-09,5.673681909687225044e-09,5.960239106894176736e-09,6.262561786424029395e-09,6.581797457023646594e-09,6.919237257346791693e-09,7.276345189596116949e-09,7.654795085959516275e-09,8.056517710623302660e-09,8.483761276664272159e-09,8.939169860591738595e-09,9.425885927190066500e-09,9.947685659088675790e-09,1.050915938380201973e-08,1.111595471345600894e-08,1.177510794414630591e-08,1.249550130654732947e-08,1.328850228875428196e-08,1.416887045785643928e-08,1.515606428337347365e-08,1.627615765302119555e-08,1.756470599747144225e-08,1.907112759950425427e-08,2.086556905738577208e-08,2.304997004079303226e-08,2.577647604064638626e-08,2.927922104511047136e-08,3.393154021657380571e-08,4.035405963828643619e-08,4.963065207237458238e-08
nan,nan,nan,2.366058784299626446e-09,2.482444704685205387e-09,2.604601549768986611e-09,2.732824000893310923e-09,2.867423509145511810e-09,3.008729599824002112e-09,3.157091344357313335e-09,3.312879030782518506e-09,3.476486070751804942e-09,3.648331189757215543e-09,3.828860957945839313e-09,4.018552732509552144e-09,4.217918097230012490e-09,4.427506915025319745e-09,4.647912119210438180e-09,4.879775425966006817e-09,5.123794178855021718e-09,5.380729603263706625e-09,5.651416823122327030e-09,5.936777094199496615e-09,6.237832841150025061e-09,6.555726266307520541e-09,6.891742533944882994e-09,7.247338875317650973e-09,7.624181377467476929e-09,8.024191872352837533e-09,8.449608172859853779e-09,8.903062121921280826e-09,9.387681647138224431e-09,9.907225454641588886e-09,1.046626261873537308e-08,1.107041458418310133e-08,1.172668500527690630e-08,1.244391485738455461e-08,1.323341871656993437e-08,1.410988728846359234e-08,1.509268797982316700e-08,1.620777221467411007e-08,1.749052768898699764e-08,1.899013833197469906e-08,2.077641602976592277e-08,2.295081047532611122e-08,2.566472955586006924e-08,2.915116058457642903e-08,3.378158818596549333e-08,4.017351777518443745e-08,4.940527782854148710e-08
nan,nan,nan,2.357353044303611274e-09,2.473284904442143394e-09,2.594963750028601690e-09,2.722682961822060828e-09,2.856752612272752692e-09,2.997500763966331154e-09,3.145274934841675561e-09,3.300443760445623319e-09,3.463398892463427069e-09,3.634557178650126605e-09,3.814363181719252458e-09,4.003292108336122711e-09,4.201853233965060527e-09,4.410593933929455841e-09,4.630104455772170682e-09,4.861023604521320157e-09,5.104045554597814155e-09,5.359928069979304358e-09,5.629502472253758311e-09,5.913685820077952330e-09,6.213495875905724334e-09,6.530069633677990535e-09,6.864686396059884685e-09,7.218796744748976128e-09,7.594059166092588583e-09,7.992386724328863013e-09,8.416007023292957356e-09,8.867539901168557364e-09,9.350099013482863137e-09,9.867425914239861357e-09,1.042406881706794549e-08,1.102562348206538894e-08,1.167906153287115795e-08,1.239318344641806007e-08,1.317925187592481495e-08,1.405188994507629792e-08,1.503037570624174467e-08,1.614054041243647636e-08,1.741760718686405230e-08,1.891053004547713818e-08,2.068879253972852781e-08,2.285336379142581607e-08,2.555492835953171703e-08,2.902534930149297896e-08,3.363429730975770615e-08,3.999621972789400776e-08,4.918401384310510963e-08
nan,nan,nan,2.348775861067256957e-09,2.464260749565272499e-09,2.585469080398693406e-09,2.712692956340650184e-09,2.846241095498084225e-09,2.986440123631942442e-09,3.133636032401193486e-09,3.288195834400367297e-09,3.450509452567642385e-09,3.620991890274314460e-09,3.800085738951035207e-09,3.988264093278427642e-09,4.186033960968618705e-09,4.393940275442867446e-09,4.612570646416011825e-09,4.842561019772198874e-09,5.084602460000216098e-09,5.339449330414704845e-09,5.607929219694179674e-09,5.890955065149456577e-09,6.189540053059076990e-09,6.504816062539501666e-09,6.838056640610123234e-09,7.190705841597064446e-09,7.564414688994344361e-09,7.961087638680094461e-09,8.382942271240345732e-09,8.832586638327672745e-09,9.313120384416569818e-09,9.828268222910264119e-09,1.038255788791510210e-08,1.098155992387752692e-08,1.163221450642022693e-08,1.234328235864924856e-08,1.312597515846227511e-08,1.399484969578572056e-08,1.496909630967943178e-08,1.607442830954439843e-08,1.734590729948815438e-08,1.883226167806566678e-08,2.060265283071833913e-08,2.275757839567504875e-08,2.544701340609950126e-08,2.890171831933403080e-08,3.348958524541617707e-08,3.982206388782117800e-08,4.896672943804039601e-08
nan,nan,nan,2.340323922574055504e-09,2.455368735551947659e-09,2.576113832394143185e-09,2.702850060038347149e-09,2.835884805715922064e-09,2.975543283271759859e-09,3.122169984981569195e-09,3.276130328640030658e-09,3.437812538824552242e-09,3.607629807066619502e-09,3.786022787962855096e-09,3.973462501799308516e-09,4.170453728611680405e-09,4.377539003119385620e-09,4.595303344417021255e-09,4.824379890172927450e-09,5.065456649505454528e-09,5.319284646807129253e-09,5.586687804121843050e-09,5.868575011075106821e-09,6.165954960399605124e-09,6.479954507468188922e-09,6.811841546831607086e-09,7.163053722736858184e-09,7.535234729013046993e-09,7.930280569067709024e-09,8.350398980658073915e-09,8.798186438528602498e-09,9.276728828490608832e-09,9.789734326852352278e-09,1.034171055553293876e-08,1.093820329766135728e-08,1.158612184738425004e-08,1.229418788983600609e-08,1.307356305488829892e-08,1.393873899446751278e-08,1.490881993301620793e-08,1.600940338197713487e-08,1.727539239540322848e-08,1.875529390087112466e-08,2.051795308383140044e-08,2.266340490083169458e-08,2.534092819240240101e-08,2.878020175466682158e-08,3.334737327207277677e-08,3.965095316443141941e-08,4.875329983022220122e-08
nan,nan,nan,2.331994037603088804e-09,2.446605486318557474e-09,2.566894434007055724e-09,2.693150493360654774e-09,2.825679743684237412e-09,2.964806010841545050e-09,3.110872313754716506e-09,3.264242502999559003e-09,3.425303134153791914e-09,3.594465618243394935e-09,3.772168707029082866e-09,3.958881382288481013e-09,4.155106235375410146e-09,4.361383444425314646e-09,4.578295483017342213e-09,4.806472730252026020e-09,5.046600193555231107e-09,5.299425617102203197e-09,5.565769321319673788e-09,5.846536219612886991e-09,6.142730590268257450e-09,6.455474353159278606e-09,6.786029851506222213e-09,7.135828432226278443e-09,7.506506590633142933e-09,7.899952025591632274e-09,8.318362806527810234e-09,8.764324037512495835e-09,9.240908088896677198e-09,9.751806893030932097e-09,1.030150831674639786e-08,1.089553382137749929e-08,1.154076236902386874e-08,1.224587730154681934e-08,1.302199109202593047e-08,1.388353142221426949e-08,1.484951794002910202e-08,1.594543445329971134e-08,1.720602831992521537e-08,1.867958902307421694e-08,2.043465132472203666e-08,2.257079600369153360e-08,2.523661861909516048e-08,2.866073654951631664e-08,3.320758607467804671e-08,3.948279471267640655e-08,4.854360578385309483e-08
nan,nan,nan,2.323783131118405365e-09,2.437967748456668039e-09,2.557807443261547979e-09,2.683590614710170579e-09,2.815622056035509768e-09,2.954224229387604054e-09,3.099738704726702225e-09,3.252527792288810838e-09,3.412976407351125179e-09,3.581494210564854905e-09,3.758518083769337655e-09,3.944515005361057640e-09,4.139985415707515120e-09,4.345467176956173599e-09,4.561540261576603216e-09,4.788832337618181792e-09,5.028025463487987478e-09,5.279864158914650039e-09,5.545165206457535907e-09,5.824829612452118357e-09,6.119857316608493369e-09,6.431365392409313078e-09,6.760610725892226485e-09,7.109018477612688691e-09,7.478218069949639316e-09,7.870089041807042147e-09,8.286819964231248406e-09,8.730984768864229243e-09,9.205642547608098953e-09,9.714469272382346041e-09,1.026193340191612563e-08,1.085353249911961908e-08,1.149611572808761716e-08,1.219832876216666960e-08,1.297123578065846905e-08,1.382920162239769421e-08,1.479116286165639232e-08,1.588249161210780402e-08,1.713778231564433731e-08,1.860511090527638407e-08,2.035270731080221912e-08,2.247970637098428669e-08,2.513403285618950796e-08,2.854326231477606174e-08,3.307015155929542774e-08,3.931749972285434132e-08,4.833753330295927264e-08
nan,nan,nan,2.315688237621770033e-09,2.429452385277692283e-09,2.548849542078694912e-09,2.674166914198182905e-09,2.805708029682309225e-09,2.943794010099565354e-09,3.088765000951562452e-09,3.240981797958389482e-09,3.400827703463354996e-09,3.568710658198680438e-09,3.745065705010309947e-09,3.930357853139207706e-09,4.125085428785761707e-09,4.329784017189953342e-09,4.545031132726614606e-09,4.771451778845247353e-09,5.009725114504128055e-09,5.260592492970582654e-09,5.524867217316503042e-09,5.803446454598966171e-09,6.097325881697690523e-09,6.407617806377550082e-09,6.735573754139307420e-09,7.082612805159040562e-09,7.450357429914450327e-09,7.840679150555718129e-09,8.255757201286168217e-09,8.698154534847154635e-09,9.170917193835396722e-09,9.677705464940490180e-09,1.022296873283377296e-08,1.081218108054117592e-08,1.145216238485016994e-08,1.215152130427591148e-08,1.292127456419026293e-08,1.377572525458294423e-08,1.473372832415119982e-08,1.582054615091559954e-08,1.707062294939893008e-08,1.853182487578159977e-08,2.027208244702093727e-08,2.239009253492073851e-08,2.503312122166046101e-08,2.842772118521370515e-08,3.293500067462835428e-08,3.915498316456831088e-08,4.813497332386937554e-08
nan,nan,nan,2.307706496940668582e-09,2.421056371517761522e-09,2.540017530530585121e-09,2.664876006241974355e-09,2.795934083820390175e-09,2.933511565124613910e-09,3.077947195122223918e-09,3.229600280542919685e-09,3.388852536973881821e-09,3.556110214303694521e-09,3.731806547372222035e-09,3.916404609176785617e-09,4.110400646934187814e-09,4.314328008289189444e-09,4.528761790113138347e-09,4.754324376498749864e-09,4.991692076697762560e-09,5.241603129333425043e-09,5.504867418694564155e-09,5.782378337338655660e-09,6.075127370771379379e-09,6.384222144714431657e-09,6.710908912900271669e-09,7.056600779203349355e-09,7.422913381439861427e-09,7.811710359139331864e-09,8.225161770863192731e-09,8.665819776865088479e-09,9.136717592190531921e-09,9.641500087089759441e-09,1.018459789698007517e-08,1.077146202440190682e-08,1.140888355899512087e-08,1.210543477971997934e-08,1.287208577044720107e-08,1.372307893365807859e-08,1.467718899787307582e-08,1.575957050282779690e-08,1.700452004251048747e-08,1.845969765458595708e-08,2.019273968944491628e-08,2.230191279283448718e-08,2.493383606587971542e-08,2.831405768275447023e-08,3.280206724526567207e-08,3.899516359444412427e-08,4.793582144541767424e-08
nan,nan,nan,2.299835148947705798e-09,2.412776788167727927e-09,2.531308321401017291e-09,2.655714626413286414e-09,2.786296764821103733e-09,2.923373241169077486e-09,3.067281422629978052e-09,3.218379150763519907e-09,3.377046582203545564e-09,3.543688302359996402e-09,3.718735768316138100e-09,3.902650149306074469e-09,4.095925647269939397e-09,4.299093409877361355e-09,4.512726156999292978e-09,4.737443696939045100e-09,4.973919536474893453e-09,5.222888852744980654e-09,5.485158167560466142e-09,5.761617162495387154e-09,6.053253202678508581e-09,6.361169308555036955e-09,6.686606552318964521e-09,7.030972161535558521e-09,7.395875055345443341e-09,7.783171125416561191e-09,8.195021406839518212e-09,8.633967449395121002e-09,9.103029856898445703e-09,9.605838341121273966e-09,1.014680510524845160e-08,1.073135845784000582e-08,1.136626119275075079e-08,1.206004981828465815e-08,1.282364856768320990e-08,1.367124018511692398e-08,1.462152054294646254e-08,1.569953818269147729e-08,1.693944460652909518e-08,1.838869728057315828e-08,2.011464348021957936e-08,2.221512711581140840e-08,2.483613166533413651e-08,2.820221858985460022e-08,3.267128781946110238e-08,3.883796295762164285e-08,4.773997767108229237e-08
nan,nan,nan,2.292071529277267812e-09,2.404610817682820155e-09,2.522718935061413262e-09,2.646679623063356038e-09,2.776792739866627143e-09,2.913375513256680981e-09,3.056763954995102303e-09,3.207314465628683837e-09,3.365405667095690503e-09,3.531440508430002052e-09,3.705848697754675693e-09,3.889089530973583344e-09,4.081655200223010237e-09,4.284074687578602133e-09,4.496918375436724600e-09,4.720803539205208601e-09,4.956400928544451401e-09,5.204442710152958254e-09,5.465732099223631182e-09,5.741155127631614064e-09,6.031695108010371821e-09,6.338450532918690506e-09,6.662657377991114271e-09,7.005717092218406732e-09,7.369231988140621410e-09,7.755050336595605302e-09,8.165324300452113567e-09,8.602584994820614617e-09,9.069840621194696599e-09,9.570705986141511035e-09,1.010957516568079034e-08,1.069185415417922885e-08,1.132427791547784654e-08,1.201534778896570883e-08,1.277594292179766470e-08,1.362018739832580535e-08,1.456669955933402682e-08,1.564042373281403073e-08,1.687536878264210024e-08,1.831879304375036046e-08,2.003775965682048877e-08,2.212969706045343925e-08,2.473996412122722004e-08,2.809215283026459648e-08,3.254260152230141069e-08,3.868330640661974919e-08,4.754734616812194485e-08
nan,nan,nan,2.284413064913513592e-09,2.396555739413159910e-09,2.514246494761577056e-09,2.637767954207673647e-09,2.767418791771231227e-09,2.903514978942399016e-09,3.046391193677831522e-09,3.196402418420694529e-09,3.353925765551172644e-09,3.519362573620205795e-09,3.693140830112880069e-09,3.875717988337393307e-09,4.067584261931175648e-09,4.269266503642085133e-09,4.481332796112706004e-09,4.704397922289843813e-09,4.939129921799748287e-09,5.186257998087382669e-09,5.446582114211680783e-09,5.720984712490815690e-09,6.010445118450691371e-09,6.316057371395028391e-09,6.639052434112469461e-09,6.980826071548320231e-09,7.342974097590699145e-09,7.727337288058688620e-09,8.136059078233536117e-09,8.571660320670588218e-09,9.037137015932473797e-09,9.536089311349519037e-09,1.007289345349026565e-08,1.065293348710525992e-08,1.128291700883954901e-08,1.197131076350353896e-08,1.272894955726737129e-08,1.356989978487625277e-08,1.451270354004142995e-08,1.558220267110279959e-08,1.681226578462996575e-08,1.824995542482581138e-08,1.996205538705165033e-08,2.204558568849788778e-08,2.464529126598932616e-08,2.798381135854526829e-08,3.241594992225984004e-08,3.853112213063443242e-08,4.735783504633156067e-08
nan,nan,nan,2.276857270204705666e-09,2.388608925306375451e-09,2.505888221381111053e-09,2.628976681570367910e-09,2.758171813656882561e-09,2.893788352794519771e-09,3.036159664386389610e-09,3.185639334859911801e-09,3.342602991158583802e-09,3.507450387087513815e-09,3.680607816848027013e-09,3.862530920373584815e-09,4.053707965021630346e-09,4.254663707832183834e-09,4.465963968745135430e-09,4.688221078826290290e-09,4.922100409930792029e-09,5.168328251271320290e-09,5.427701365956604149e-09,5.701098663908037052e-09,5.989495550199486056e-09,6.293981680891232776e-09,6.615783087521287938e-09,6.956289943412363545e-09,7.317091668157299060e-09,7.700021664395304009e-09,8.107214781331466683e-09,8.541181773461587800e-09,9.004906642621457373e-09,9.501975110277674432e-09,1.003674588370702103e-08,1.061458141558844694e-08,1.124216237633666505e-08,1.192792148223451869e-08,1.268264992000471730e-08,1.352035733638902283e-08,1.445951082706425910e-08,1.552485144446999140e-08,1.675010984609194934e-08,1.818215603185490113e-08,1.988749910110864035e-08,2.196275749366719455e-08,2.455207257516153677e-08,2.787714705516477692e-08,3.229127690312636389e-08,3.838134119693650114e-08,4.717135614648433636e-08
nan,nan,nan,2.269401743002048482e-09,2.380767835833473195e-09,2.497641430485210531e-09,2.620302966553536194e-09,2.749048804138645750e-09,2.884192461204600733e-09,3.026066010758671327e-09,3.175021665950523929e-09,3.331433590768552542e-09,3.495699979372708977e-09,3.668245459561936795e-09,3.849523886090517280e-09,4.040021611003028674e-09,4.240261328965328086e-09,4.450806633031297177e-09,4.672267441114758025e-09,4.905306500359060918e-09,5.150647231598097702e-09,5.409083249151292737e-09,5.681489987427757549e-09,5.968838992241868412e-09,6.272215607735663968e-09,6.592841012706239149e-09,6.932099877516167246e-09,7.291575331726205834e-09,7.673093520897686165e-09,8.078780845972706946e-09,8.511138126056280545e-09,8.973137553313738823e-09,9.468350657042360223e-09,1.000111888546853060e-08,1.057678344451830118e-08,1.120199851245252534e-08,1.188516332184112934e-08,1.263702614322577972e-08,1.347154078864895184e-08,1.440710057012695306e-08,1.546834737612803223e-08,1.668887616958338931e-08,1.811536754682547697e-08,1.981406043037109822e-08,2.188117832514469395e-08,2.446026908440875064e-08,2.777211463131052221e-08,3.216852854543460110e-08,3.823389740556692601e-08,4.698782484751409548e-08
nan,nan,nan,2.262044161049633571e-09,2.373030016138179211e-09,2.489503526700652757e-09,2.611744065592901280e-09,2.740046862662995833e-09,2.874724237467395933e-09,3.016106990763140571e-09,3.164545983090362151e-09,3.320413938673595506e-09,3.484107516128657827e-09,3.656049702407927222e-09,3.836692595962101622e-09,4.026520662509758945e-09,4.226054566848679877e-09,4.435855710296992727e-09,4.656531635032047243e-09,4.888742504971643946e-09,5.133208917869017767e-09,5.390721388774660922e-09,5.662151931156124337e-09,5.948468293093845192e-09,6.250751574306864662e-09,6.570218177640596179e-09,6.908247357900945474e-09,7.266416052734046785e-09,7.646543266487937770e-09,8.050747085083340389e-09,8.481518548768490860e-09,8.941818228189115748e-09,9.435203683643577263e-09,9.965999378742923536e-09,1.053952560675835651e-08,1.116241047533426107e-08,1.184302026510681399e-08,1.259206101102023195e-08,1.342343158423487299e-08,1.435545268772320096e-08,1.541266863813447283e-08,1.662854088040253994e-08,1.804956367277171998e-08,1.974171014606799872e-08,2.180081532377406100e-08,2.436984331280298623e-08,2.766867052756486779e-08,3.204765302024208441e-08,3.808872713198802902e-08,4.680715987775004577e-08
nan,nan,nan,2.254782278545012222e-09,2.365393092456855201e-09,2.481472000890261747e-09,2.603297326185893556e-09,2.731163185148085935e-09,2.865380717130506512e-09,3.006279469954090649e-09,3.154208972472021579e-09,3.309540530977955178e-09,3.472669292505000374e-09,3.644016627652316744e-09,3.824032905972713625e-09,4.013200736257394585e-09,4.212038784693304725e-09,4.421106294396146144e-09,4.641008469824949445e-09,4.872402930756533878e-09,5.116007496029743190e-09,5.372609629933845740e-09,5.643077977804854575e-09,5.928376549453342277e-09,6.229582266545720116e-09,6.547906830425275605e-09,6.884724164682056202e-09,7.241605112297416510e-09,7.620361647412969521e-09,8.023103671477566823e-09,8.452312597349406171e-09,8.910937556465824644e-09,9.402522358757601687e-09,9.931374746701371704e-09,1.050279443365679505e-08,1.112338385991953056e-08,1.180147687235693823e-08,1.254773793495032485e-08,1.337601184018092419e-08,1.430454783057255523e-08,1.535779419375552904e-08,1.656908098154127307e-08,1.798471908449691482e-08,1.967042010653401549e-08,2.172163685835071429e-08,2.428075918878742470e-08,2.756677284859926476e-08,3.192860047773140549e-08,3.794576923218692145e-08,4.662928314886989950e-08
nan,nan,nan,2.247613922890101588e-09,2.357854768324399290e-09,2.473544425932744043e-09,2.594960182918049056e-09,2.722395059830684757e-09,2.856159033668994979e-09,2.996580418025666098e-09,3.144007430279216998e-09,3.298809980329656310e-09,3.461381725881224484e-09,3.632142447621637970e-09,3.811540810872077848e-09,4.000057596238533889e-09,4.198209502296285194e-09,4.406553646161888755e-09,4.625692930815248120e-09,4.856282471257932587e-09,5.099037349975976385e-09,5.354742026998652700e-09,5.624261832617111631e-09,5.908557094879227184e-09,6.208700622094794106e-09,6.525899486868572524e-09,6.861522363363475466e-09,7.217134094201393533e-09,7.594539731955130253e-09,7.995841118786034275e-09,8.423510191875224465e-09,8.880484817264210440e-09,9.370295267631698379e-09,9.897232824058876318e-09,1.046657693474560531e-08,1.108490477326663674e-08,1.176051825458331151e-08,1.250404091657978201e-08,1.332926431564118433e-08,1.425436734711817249e-08,1.530370377294422660e-08,1.651047431253383860e-08,1.792080938222198704e-08,1.960016320288187994e-08,2.164361246636623974e-08,2.419298198302196030e-08,2.746638125497769087e-08,3.181132295361904983e-08,3.780496488418814855e-08,4.645411959895916063e-08
nan,nan,nan,2.240536991729612152e-09,2.350412821995179182e-09,2.465718453522985765e-09,2.586730153801719889e-09,2.713739863342659164e-09,2.847056413912810614e-09,2.987006903732631681e-09,3.133938257889835518e-09,3.288219010903519435e-09,3.450241353931707206e-09,3.620423500469402326e-09,3.799212438356669918e-09,3.987087147351381795e-09,4.184562387383896938e-09,4.392193183861810572e-09,4.610580171281051873e-09,4.840375998343514322e-09,5.082293053241491251e-09,5.337112836528927456e-09,5.605697414352406866e-09,5.889003489390237471e-09,6.188099819119710037e-09,6.504188917565469527e-09,6.838634290663645633e-09,7.192994871167187388e-09,7.569068895942320371e-09,7.968950271553949392e-09,8.395101602148126204e-09,8.850449662129109866e-09,9.338511393158246750e-09,9.863561865769561425e-09,1.043086057437231455e-08,1.104695981092400857e-08,1.172013004877624352e-08,1.246095452592756463e-08,1.328317238249972451e-08,1.420489325105635467e-08,1.525037782862588433e-08,1.645269950986419530e-08,1.785781104872259191e-08,1.953091331155199595e-08,2.156671279827478076e-08,2.410647824280730592e-08,2.736745691440457733e-08,3.169577427626025449e-08,3.766625749071043311e-08,4.628159703050115122e-08
nan,nan,nan,2.233549449412385612e-09,2.343065102569144344e-09,2.457991810731427949e-09,2.578604836754629059e-09,2.705195057131901817e-09,2.838070174912818014e-09,2.977556091016476717e-09,3.123998457451860333e-09,3.277764453660897318e-09,3.439244825824647882e-09,3.608856244074282332e-09,3.787044043277045972e-09,3.974285429334342165e-09,4.171093252997961984e-09,4.378020477938243030e-09,4.595665505390546137e-09,4.824678554485530267e-09,5.065769358769582503e-09,5.319716506086265525e-09,5.587378845522893867e-09,5.869709509480960377e-09,6.167773266111800701e-09,6.482768138672007773e-09,6.816052543247114032e-09,7.169179592117940418e-09,7.543940809076827142e-09,7.942422284474105972e-09,8.367077431079840395e-09,8.820822098225071818e-09,9.307160098631614939e-09,9.830350535484663814e-09,1.039563325188706265e-08,1.100953603480688831e-08,1.168029839049008833e-08,1.241846387235042401e-08,1.323771999705171082e-08,1.415610819150561372e-08,1.519779750778870764e-08,1.639573597012466017e-08,1.779570140417366232e-08,1.946264524718012199e-08,2.149090956606477108e-08,2.402121573226805904e-08,2.726996240786796325e-08,3.158190998013690097e-08,3.752959256739629737e-08,4.611164597647774540e-08
nan,nan,nan,2.226649325479304171e-09,2.335809527567144976e-09,2.450362296943212066e-09,2.570581906283001525e-09,2.696758183203676572e-09,2.829197719283915832e-09,2.968225234854709620e-09,3.114185127630391410e-09,3.267443242019846428e-09,3.428388900042971255e-09,3.597437251339136642e-09,3.775032002286967614e-09,3.961648611034029197e-09,4.157798047155837126e-09,4.364031243699270417e-09,4.580944401202457008e-09,4.809185345417490318e-09,5.049461195210105636e-09,5.302547667591540208e-09,5.569300443776433618e-09,5.850669138743152326e-09,6.147714589936142521e-09,6.461630398978722152e-09,6.793769965976416765e-09,7.145680670015877283e-09,7.519147422313205328e-09,7.916248612820744668e-09,8.339428600438811442e-09,8.791592472596574409e-09,9.276231107567972068e-09,9.797587883321878698e-09,1.036088328176429894e-08,1.097262095221276686e-08,1.164100989844026625e-08,1.237655458179706928e-08,1.319289167357520046e-08,1.410799542000591884e-08,1.514594461728120686e-08,1.633956381500713352e-08,1.773445857560093053e-08,1.939533471958512074e-08,2.141617548839110511e-08,2.393716337474355573e-08,2.717386167784841712e-08,3.146968722448333789e-08,3.739491764090797091e-08,4.594419956544247364e-08
nan,nan,nan,2.219834710629998402e-09,2.328644079863781874e-09,2.442827780852894728e-09,2.562659110322443156e-09,2.688426862265005870e-09,2.820436532262082428e-09,2.959011677561565582e-09,3.104495459600744136e-09,3.257252406740107551e-09,3.417670438472081751e-09,3.586163205184610230e-09,3.763172808703783009e-09,3.949172985157909070e-09,4.144672850001225879e-09,4.350221335592592758e-09,4.566412474183576577e-09,4.793891733192302910e-09,5.033363654989385127e-09,5.285601128605580175e-09,5.551456713426911053e-09,5.831876558952215184e-09,6.127917630341822524e-09,6.440769171353041770e-09,6.771779641338379479e-09,7.122490770408160483e-09,7.494680954037832846e-09,7.890420997145345156e-09,8.312146336635899375e-09,8.762751457213886590e-09,9.245714494451499617e-09,9.765263330864611353e-09,1.032659937539506777e-08,1.093620249603075181e-08,1.160225164517240048e-08,1.233521277283702248e-08,1.314867245921983431e-08,1.406053877161301876e-08,1.509480159522706873e-08,1.628416385838803713e-08,1.767406145112571063e-08,1.932895829242368949e-08,2.134248425501390877e-08,2.385429119921469118e-08,2.707911995546185522e-08,3.135906471808358651e-08,3.726218215315349447e-08,4.577919339628385598e-08
nan,nan,nan,2.213103755179919245e-09,2.321566805164177994e-09,2.435386197658373108e-09,2.554834267242958786e-09,2.680198788887356975e-09,2.811784178008120953e-09,2.949912845159498577e-09,3.094926733232597323e-09,3.247189073619720053e-09,3.407086402813354337e-09,3.575030894073389967e-09,3.751463067664145364e-09,3.936854962150619834e-09,4.131713866769541726e-09,4.336586741168148771e-09,4.552065480990747002e-09,4.778793229804236864e-09,5.017471990439890945e-09,5.268871865313590952e-09,5.533842337578819674e-09,5.813326141637003247e-09,6.108376426563904529e-09,6.420178142381954709e-09,6.750074879162747907e-09,7.099602801191571697e-09,7.470533881730718438e-09,7.864931452056022035e-09,8.285222157632764350e-09,8.734290034853455739e-09,9.215600662147033664e-09,9.733366653844208192e-09,1.029277062358068050e-08,1.090026900655823999e-08,1.156401114235692188e-08,1.229442503526390786e-08,1.310504791034436764e-08,1.401372262979301894e-08,1.504435148210183330e-08,1.622951757673011780e-08,1.761448965169793331e-08,1.926349334455536761e-08,2.126981047047136806e-08,2.377257028937741030e-08,2.698570370607124837e-08,3.125000263975470001e-08,3.713133737099800394e-08,4.561656542044162599e-08
nan,nan,nan,2.206454666177983324e-09,2.314575809411080317e-09,2.428035546371748899e-09,2.547105263075107501e-09,2.672071729620510122e-09,2.803238296556481237e-09,2.940926243989464278e-09,3.085476313472188520e-09,3.237250457719552123e-09,3.396633850134004988e-09,3.564037207627502703e-09,3.739899491862471887e-09,3.924691067283271719e-09,4.118917423388423954e-09,4.323123575652974887e-09,4.537899313606135903e-09,4.763885489894313352e-09,5.001781605504123243e-09,5.252355015243877732e-09,5.516452170588988434e-09,5.795012440291012832e-09,6.089085211850544968e-09,6.399851203705774884e-09,6.728649207009033108e-09,7.077009899141312198e-09,7.446698927397492024e-09,7.839772253917691578e-09,8.258647860369589874e-09,8.706199486130162462e-09,9.185880332719671985e-09,9.701887967343775132e-09,1.025938648010154025e-08,1.086480921102697640e-08,1.152627631880236508e-08,1.225417840922964061e-08,1.306200407097905915e-08,1.396753190842605653e-08,1.499457789435821700e-08,1.617560707191943261e-08,1.755572349511789206e-08,1.919891803335855205e-08,2.119812962100086232e-08,2.369197273577079451e-08,2.689358056997690507e-08,3.114246258521158602e-08,3.700233630122263488e-08,4.545625583347832775e-08
nan,nan,nan,2.199885705400740609e-09,2.307669256415546990e-09,2.420773887273383846e-09,2.539470048434386709e-09,2.664043519524354811e-09,2.794796600685990868e-09,2.932049457463329569e-09,3.076141646989030100e-09,3.227433861036989309e-09,3.386309929172080262e-09,3.553179132530516285e-09,3.728478895423784554e-09,3.912677933809951982e-09,4.106279961127905679e-09,4.309828076653628758e-09,4.523909994142600849e-09,4.749164306977129803e-09,4.986288050284210111e-09,5.236045870671933633e-09,5.499281230949182264e-09,5.776930181741593005e-09,6.070038403795566803e-09,6.379782443225652195e-09,6.707496360991525856e-09,7.054705426696941300e-09,7.423169049621771485e-09,7.814935930038592698e-09,8.232415508935319753e-09,8.678471374745570143e-09,9.156544531163676463e-09,9.670817710987616265e-09,1.022643674609408406e-08,1.082981221248518596e-08,1.148903550384674809e-08,1.221446036580193868e-08,1.301952744727409167e-08,1.392195202536740934e-08,1.494546499900596563e-08,1.612241505938848787e-08,1.749774396685485304e-08,1.913521126015102908e-08,2.112741803078191723e-08,2.361247159046909070e-08,2.680271931066332429e-08,3.103640748618515400e-08,3.687513361135257800e-08,4.529820695779660608e-08
nan,nan,nan,2.193395187069697141e-09,2.300845365556845893e-09,2.413599339620252936e-09,2.531926636706080657e-09,2.656112059740318142e-09,2.786456873057557150e-09,2.923280142988802970e-09,3.066920258474327309e-09,3.217736668341571061e-09,3.376111876559569652e-09,3.542453748603302496e-09,3.717198193352364445e-09,3.900812300057834198e-09,4.093798032114783789e-09,4.296696599195949438e-09,4.510093667613658478e-09,4.734625605430278242e-09,4.970987014623401267e-09,5.219939872207683129e-09,5.482324694914155272e-09,5.759074261103204993e-09,6.051230597495524357e-09,6.359966137045236902e-09,6.686610277104207701e-09,7.032682955449474009e-09,7.399937432422366490e-09,7.790415248001172440e-09,8.206517423314036251e-09,8.651097539742758244e-09,9.127584573935337737e-09,9.640146635298615150e-09,1.019391155527796578e-08,1.079526746764345982e-08,1.145227740948187838e-08,1.217525878840770687e-08,1.297760499639349447e-08,1.387696888231711930e-08,1.489699748978230957e-08,1.606992482410314985e-08,1.744053268998314593e-08,1.907235263859689280e-08,2.105765282710321883e-08,2.353404082430695767e-08,2.671308976373607890e-08,3.093180156118181502e-08,3.674968554869358705e-08,4.514236317020516424e-08
nan,nan,nan,2.186981475866540642e-09,2.294102409615404392e-09,2.406510078665523312e-09,2.524473100759099332e-09,2.648275314738312929e-09,2.778216963436957831e-09,2.914616029197526350e-09,3.057809748420555420e-09,3.208156344227642816e-09,3.366037013361813599e-09,3.531858225087461213e-09,3.706054393577449392e-09,3.889091004444072681e-09,4.081468294773091045e-09,4.283725610978393922e-09,4.496446600882674784e-09,4.720265436778905580e-09,4.955874322639300878e-09,5.204032602777730679e-09,5.465577888086193131e-09,5.741439732568403881e-09,6.032656557863633714e-09,6.340396741684923170e-09,6.665985083334822126e-09,7.010936262378277514e-09,7.376997476537100188e-09,7.766203205742519536e-09,8.180946168727766917e-09,8.624070079389617970e-09,9.098992056054281377e-09,9.609865788574691795e-09,1.016180136034081709e-08,1.076116477610351887e-08,1.141599111449053501e-08,1.213656195531861409e-08,1.293622409757856719e-08,1.383256884325773476e-08,1.484916056447988121e-08,1.601812020788298508e-08,1.738407189795627835e-08,1.901032245799411882e-08,2.098881190407552034e-08,2.345665528707306343e-08,2.662466278973671046e-08,3.082861025211079285e-08,3.662594987966643357e-08,4.498867077983581258e-08
nan,nan,nan,2.180642984950743865e-09,2.287438712699263173e-09,2.399504334845857594e-09,2.517107571185360093e-09,2.640531309918373015e-09,2.770074786077580018e-09,2.906054912366288760e-09,3.048807789182925693e-09,3.198690429795366990e-09,3.356082741722842743e-09,3.521389817286906735e-09,3.695044595965938907e-09,3.877510981884963469e-09,4.069287509634498241e-09,4.270911687874949814e-09,4.482965173463260954e-09,4.706079973764300876e-09,4.940945927216245087e-09,5.188319781873316327e-09,5.449036283407382770e-09,5.724021804538564663e-09,6.014311212927899146e-09,6.321068886752546598e-09,6.645615090038306215e-09,6.989459318852948898e-09,7.354342790211102572e-09,7.742293022042692290e-09,8.155694545768529237e-09,8.597381343602109469e-09,9.070758839886811103e-09,9.579966504528634849e-09,1.013009691763695295e-08,1.072749426383088527e-08,1.138016604887586732e-08,1.209835852383582676e-08,1.289537254096205039e-08,1.378873871527301784e-08,1.480193990351503601e-08,1.596698557930065420e-08,1.732834440822249821e-08,1.894910166576403749e-08,2.092087388995851742e-08,2.338029066591820655e-08,2.653741022898976190e-08,3.072680017316109961e-08,3.650388581033263116e-08,4.483707796035396592e-08
nan,nan,nan,2.174378174115722346e-09,2.280852648273516954e-09,2.392580390156343654e-09,2.509828233785245879e-09,2.632878129217698748e-09,2.762028317216438997e-09,2.897594655392446200e-09,3.039912122831371030e-09,3.189336539749757975e-09,3.346246541702477073e-09,3.511045862285847813e-09,3.684165987274041832e-09,3.866069259797073654e-09,4.057252535283071180e-09,4.258251509854834516e-09,4.469645876024351205e-09,4.692065505942283668e-09,4.926197904921451634e-09,5.172797260097677581e-09,5.432695490816542693e-09,5.706815832613275914e-09,5.996189647167225325e-09,6.301977367949062598e-09,6.625494786202538377e-09,6.968246284089044290e-09,7.331967180913703409e-09,7.718678127536683235e-09,8.130755579519484486e-09,8.571023921990486201e-09,9.042877043993464371e-09,9.550440390515289925e-09,1.009878927870448226e-08,1.069424637073902727e-08,1.134479197934637036e-08,1.206063751042664953e-08,1.285503850688703696e-08,1.374546572974538295e-08,1.475532165024642329e-08,1.591650581467284815e-08,1.727333359751277281e-08,1.888867182659866016e-08,2.085381811539825752e-08,2.330492345590386479e-08,2.645130485912097831e-08,3.062633905796362721e-08,3.638345393067354428e-08,4.468753465632775393e-08
nan,nan,nan,2.168185548010252568e-09,2.274342637349223627e-09,2.385736577210852171e-09,2.502633327599969592e-09,2.625313912883755257e-09,2.754075592694398225e-09,2.889233183463565346e-09,3.031120558124461624e-09,3.180092359511542914e-09,3.336525968251020369e-09,3.500823777621953966e-09,3.673415838507155297e-09,3.854762954582607212e-09,4.045360324528950707e-09,4.245741855888487883e-09,4.456485304443320947e-09,4.678218434868766306e-09,4.911626451096017239e-09,5.157461014186652914e-09,5.416551254863814413e-09,5.689817314147249824e-09,5.978287095318879393e-09,6.283117140433134299e-09,6.605618828283210776e-09,6.947291496914199796e-09,7.309864647240061902e-09,7.695352156694706224e-09,8.106122513034866873e-09,8.544990634964914632e-09,9.015339032782635616e-09,9.521279316370649829e-09,1.006786977372462380e-08,1.066141183724518935e-08,1.130985899541694601e-08,1.202338828418148689e-08,1.281521055153402404e-08,1.370273752481591904e-08,1.470929238840392386e-08,1.586666627511747766e-08,1.721902337827615366e-08,1.882901510512136228e-08,2.078762458372540678e-08,2.323053091817636989e-08,2.636632035471529480e-08,3.052719571182040152e-08,3.626461614999085143e-08,4.453999251021180247e-08
nan,nan,nan,2.162063654452450817e-09,2.267907146347191301e-09,2.378971276787803758e-09,2.495521142821453298e-09,2.617836855326788330e-09,2.746214705767142543e-09,2.880968482889179422e-09,3.022430968126857624e-09,3.170955642526011888e-09,3.326918648333706187e-09,3.490721056151648787e-09,3.662791501285039543e-09,3.843589268139752502e-09,4.033607921124229784e-09,4.233379602163932599e-09,4.443480156523742387e-09,4.664535269830074277e-09,4.897227875217453580e-09,5.142307141000994707e-09,5.400599447806829427e-09,5.673021882456257841e-09,5.960598936419891281e-09,6.264483312703883770e-09,6.585982036297135529e-09,6.926589468963044813e-09,7.288029371320628170e-09,7.672308936988985831e-09,8.081788795783350560e-09,8.519274524035133813e-09,8.988137406562018776e-09,9.492475404077425595e-09,1.003733000326612773e-08,1.062898169232961163e-08,1.127535749626615455e-08,1.198660054327160300e-08,1.277587759059055790e-08,1.366054212859490617e-08,1.466383913054234857e-08,1.581745278728711811e-08,1.716539817638943940e-08,1.877011423620517131e-08,2.072227394260905091e-08,2.315709105252392681e-08,2.628243124914789414e-08,3.042933996536843911e-08,3.614733564182987552e-08,4.439440478533747291e-08
