1.541739986785200633e+00,1.571556949215534793e+00,1.595305057754565103e+00,1.613343242415585577e+00,8.303329769955067885e-01,8.331861291037074846e-01,8.351028999175386103e-01,8.363716436464782022e-01,8.372454197868359760e-01,8.379247952429832447e-01,8.385412228613954300e-01,8.391817373530842117e-01,8.398939327531972365e-01,8.407073838790152243e-01,8.416439807872602152e-01,8.427246826843151073e-01,8.439725307881627003e-01,8.454140736122307542e-01,8.470802309411669118e-01,8.490071142708034424e-01,8.512370258308696869e-01,8.538196165237186275e-01,8.568133323762850972e-01,8.602871805804130911e-01,8.643229786747712584e-01,8.690180177529471806e-01,8.744886174182944227e-01,8.808745754138691542e-01,8.883446617817832847e-01,8.971043337599635681e-01,9.074051399863432010e-01,9.195445518568209353e-01,9.339491351177050538e-01,9.510666342345989177e-01,9.715301983538154884e-01,9.961385634136435963e-01,1.025935163103213421e+00,1.062303885667350345e+00,1.107111475147590118e+00,1.162925059544953621e+00,1.233345729822096448e+00,1.323557162120672537e+00,1.441210374913337811e+00,1.597948574119226750e+00,1.812101989014322623e+00,2.113639551755661206e+00,2.553662386889567149e+00,3.223293827758980878e+00,4.292301477774746132e+00,6.087509754721652122e+00
1.493368729915429682e+00,1.531172052438467324e+00,1.563152900987727856e+00,1.589043892152581128e+00,8.248732990878192561e-01,8.294611268272581439e-01,8.327433740816764240e-01,8.349992304189733927e-01,8.365224887090726424e-01,8.375823762440590681e-01,8.383993868264780769e-01,8.391310462007894877e-01,8.398784682685006553e-01,8.407034931055332727e-01,8.416431500386165609e-01,8.427245521061978994e-01,8.439725135930711275e-01,8.454140708832372786e-01,8.470802278043977340e-01,8.490071137486578934e-01,8.512370227152450397e-01,8.538196141672644845e-01,8.568133303351956886e-01,8.602871853188006623e-01,8.643229753014917138e-01,8.690180122479045366e-01,8.744886213721799750e-01,8.808745567905532647e-01,8.883446659348763763e-01,8.971043166877821218e-01,9.074051053827980606e-01,9.195576737009250046e-01,9.339491533235397824e-01,9.510666205112290328e-01,9.715301899121779883e-01,9.961385189227615067e-01,1.025935132199057964e+00,1.062303853057138703e+00,1.107111429220909216e+00,1.162922923487228477e+00,1.233345643493522825e+00,1.323557152339465803e+00,1.441210236625201313e+00,1.597948425244341442e+00,1.812101767200519742e+00,2.113639215744798960e+00,2.553661906696684358e+00,3.223293275359831345e+00,4.292300538511935493e+00,6.087503220680261506e+00
1.438045751609010159e+00,1.480263922501604323e+00,1.520017131710361680e+00,8.082228801390060058e-01,8.166362446387271934e-01,8.233493881769188283e-01,8.284784134474648676e-01,8.322265990364281496e-01,8.348598223983636490e-01,8.366757681202101615e-01,8.379544072003100030e-01,8.389393575921407775e-01,8.398057282108681854e-01,8.406800040180328892e-01,8.416368810100185449e-01,8.427232335312021538e-01,8.439722664113479267e-01,8.454140384655428608e-01,8.470802213906343248e-01,8.490071088169657276e-01,8.512370198131078425e-01,8.538196121808452332e-01,8.568133274943008360e-01,8.602870212334040589e-01,8.643229714848446044e-01,8.690180064548260752e-01,8.744886150329241881e-01,8.808745443199843539e-01,8.883446520366956589e-01,8.971043119938982846e-01,nan,9.195576649817162052e-01,9.339490959899283684e-01,9.510664466101110825e-01,9.715301606928273825e-01,9.961384858281044918e-01,1.025935089075987294e+00,1.062303819292535811e+00,1.107111369549513169e+00,1.162923502620236915e+00,1.233345554749476047e+00,1.323557024532989068e+00,1.441210084886890508e+00,1.597948219974407946e+00,1.812101468861138764e+00,nan,2.553661190760184496e+00,3.223286276082292012e+00,4.292299231158843043e+00,nan
1.370723210951021453e+00,1.420458518424255967e+00,1.466669695801886997e+00,7.945939222706355221e-01,8.053257776994298123e-01,8.143592846586100720e-01,8.216829324782001231e-01,8.273816350857223778e-01,8.316320571294806285e-01,8.346850476660117035e-01,8.368316837851805801e-01,8.383657330149598685e-01,8.395464514596846506e-01,8.405773061061981855e-01,8.416019161445580377e-01,8.427131622544644651e-01,8.439699141769642088e-01,8.454136038357051852e-01,8.470801567380742414e-01,8.490070982805038025e-01,8.512370157696020900e-01,8.538196083253953850e-01,8.568133249150905462e-01,8.602870241318719691e-01,8.643229631307243199e-01,8.690179993914985968e-01,8.744885929169022853e-01,8.808745339353394321e-01,8.883446398014926970e-01,8.971042943621879706e-01,9.074056025175670781e-01,9.195576320535648884e-01,9.339490761704613009e-01,9.510665601560286397e-01,9.715301797409748863e-01,9.961088672729125904e-01,1.025935034337816631e+00,1.062303740948270514e+00,1.107111258742270676e+00,1.162924050121109554e+00,1.233345427680157869e+00,1.323556858369831390e+00,1.441209834586878458e+00,1.597948248191247922e+00,1.812100987455582901e+00,2.113638328991997550e+00,2.553660249981226649e+00,3.223284831495405456e+00,4.292299895968853640e+00,6.087498203269652741e+00
1.301455997770335715e+00,1.354205917025435468e+00,1.404980876739365669e+00,7.780748634265300945e-01,7.909448497290839653e-01,8.022692399562476595e-01,8.119263516166773664e-01,8.198751530100980567e-01,8.261693166469998850e-01,8.309574232730803089e-01,8.344702716341483306e-01,8.369915786076618236e-01,8.388212105878541935e-01,8.402348300959868732e-01,8.414598525435057486e-01,8.426621127447886384e-01,8.439542372935198156e-01,8.454096722206700942e-01,8.470793425655918085e-01,8.490069671604979495e-01,8.512369948723417235e-01,8.538195993991851696e-01,8.568132962741710212e-01,8.602871715621634996e-01,8.643229543970674111e-01,8.690179870784522365e-01,8.744885912665162353e-01,8.808745185665376454e-01,8.883446202663131119e-01,8.971042757243501420e-01,9.074050609730359707e-01,9.195575926772057151e-01,9.339490483751338168e-01,9.510665220073125647e-01,9.715300381468489066e-01,9.961384958818352287e-01,1.025934887419045927e+00,1.062303643907043238e+00,1.107111142754036548e+00,1.162923869271845989e+00,1.233345261687027072e+00,1.323556624061080544e+00,1.441209497442768495e+00,1.597947768012903502e+00,1.812100378919946575e+00,2.113637475194485305e+00,2.553658930319173237e+00,3.223282871029946151e+00,4.292296251084297687e+00,6.087496899952074436e+00
1.230453260832209628e+00,1.284248742845556457e+00,1.337522867221353939e+00,7.590827091399034998e-01,7.737627244370383073e-01,7.871538213330286915e-01,7.990613224141036586e-01,8.093424125729681284e-01,8.179284747903631247e-01,8.248420259084936479e-01,8.302019579412460715e-01,8.342159769985222351e-01,8.371573820889225415e-01,8.393265384187098554e-01,8.410143864324428620e-01,8.424686575092160679e-01,8.438812076720418887e-01,8.453859306594283529e-01,8.470729769107119278e-01,8.490055564096055107e-01,8.512367457668540416e-01,8.538195538139435881e-01,8.568132837299519133e-01,8.602871567270908848e-01,8.643229401381812282e-01,8.690179708972310957e-01,8.744885706382631296e-01,8.808744944817776812e-01,8.883445943499576058e-01,8.971042435613802990e-01,9.074050236149426851e-01,9.195575727598852556e-01,9.339489929829684067e-01,9.510664652087014170e-01,9.715299556099330491e-01,9.961382323825337393e-01,1.025934836237304637e+00,1.062303418200088112e+00,1.107111494203465885e+00,nan,1.233344986531628384e+00,1.323556302902879622e+00,1.441209028684960369e+00,1.597947111724044023e+00,1.812099526312502151e+00,2.113636282336383676e+00,2.553657129542060922e+00,3.223280042449276905e+00,4.292291334820919957e+00,6.087489195488452687e+00
1.159972036577522125e+00,1.213166397278581110e+00,1.267035253976282805e+00,7.381539985935238191e-01,7.542354246136647733e-01,7.693380175162596313e-01,7.832325179589936237e-01,7.957119987660657978e-01,8.066151564609819191e-01,8.158480688223797017e-01,8.234023546672053495e-01,8.293673137162209663e-01,8.339252031113719710e-01,8.373327331401878570e-01,8.398891095645844018e-01,8.418955323820214165e-01,8.436216221546498639e-01,8.452830302784588579e-01,8.470378636532120975e-01,nan,8.512340767724257962e-01,8.538190957950643201e-01,8.568132121251198496e-01,8.602871302377754770e-01,8.643229176311699735e-01,8.690179463831870788e-01,8.744885427710556991e-01,8.808744610182384083e-01,8.883445541291089542e-01,8.971041989946471062e-01,9.074049674413915412e-01,9.195575084185494408e-01,9.339489167281107562e-01,9.510663596921913321e-01,9.715298357133526075e-01,9.961381273790009816e-01,1.025934686091335646e+00,1.062303291272571393e+00,1.107110636871290188e+00,1.162854600313505626e+00,1.233344596643909163e+00,1.323555787439211651e+00,1.441208288705504215e+00,1.597946104432324876e+00,1.812098289980456967e+00,2.113634537990424000e+00,2.553654434126546136e+00,3.223276325717227220e+00,4.292284234268865184e+00,6.087477404084139287e+00
1.091725543924399133e+00,1.143090849561164024e+00,1.196007051971526680e+00,7.158560416856607489e-01,7.329135704191153122e-01,7.493101991212532953e-01,7.648145602332133697e-01,7.791939298705918837e-01,7.922333382064083995e-01,8.037549505609733469e-01,8.136412017120556728e-01,8.218559351608569763e-01,8.284573482249233400e-01,8.336007312801316793e-01,8.375236729657160595e-01,8.405183825942965647e-01,8.428951353814395642e-01,8.449397884307520146e-01,8.468951185999593623e-01,8.489439843061583613e-01,8.512187064771349343e-01,8.538151530124878930e-01,8.568123890661305531e-01,8.602870761545852174e-01,8.643228717556366014e-01,8.690183541035322312e-01,8.744884989534496000e-01,nan,8.883444989263816760e-01,8.971041320871429026e-01,9.074048882579212050e-01,9.195574182460435342e-01,9.339488057877833871e-01,9.510662407677781260e-01,9.715296835225640804e-01,9.961379493104776106e-01,1.025934434911671245e+00,1.062303001401770253e+00,1.107110353190898344e+00,1.162922909342923194e+00,1.233344199361736671e+00,1.323555053572097018e+00,1.441207321607513192e+00,1.597944774323999617e+00,1.812096579539361985e+00,2.113631995562267551e+00,2.553650568104128826e+00,3.223270309489228325e+00,4.292274003927552428e+00,6.087460096118744168e+00
1.026878493598635700e+00,1.075593897713534641e+00,1.126434444280387304e+00,6.927306571980952343e-01,7.103630369932707467e-01,7.276317381886787672e-01,7.443225151319369237e-01,7.602075137368207169e-01,7.750532605271537312e-01,7.886390935563991622e-01,8.007734471139817956e-01,8.113184871793108766e-01,8.202108321290475512e-01,8.274784812330457928e-01,8.332488610413517627e-01,8.377381972173594260e-01,8.412266269735249047e-01,8.440285151075316294e-01,8.464480300042459548e-01,8.487495996922518326e-01,8.511448968794406156e-01,8.537913377005159621e-01,8.568058500224223772e-01,8.602855076503045373e-01,8.643225940490240067e-01,8.690178262405724441e-01,8.744884374376060698e-01,8.808743396568273765e-01,8.883444151049798565e-01,8.971040386344000250e-01,9.074047748098374999e-01,9.195572782440140092e-01,9.339486445437634732e-01,9.510660468071121532e-01,9.715294589740364195e-01,9.961376706859949026e-01,1.025934098441843911e+00,1.062302598819797606e+00,1.107109844265047105e+00,1.162922292942050406e+00,1.233343176651420459e+00,1.323554668786660171e+00,1.441205263586083696e+00,1.597942863760596799e+00,1.812093937744929217e+00,2.113628511073061489e+00,2.553644982922512963e+00,3.223261614718073265e+00,4.292259776435025209e+00,6.087435725037080303e+00
9.661155630623160517e-01,1.011711404371187895e+00,1.059752196265828283e+00,6.692547816595008081e-01,6.871129215237897769e-01,7.048638482925272397e-01,7.223239110467782886e-01,7.392880963407599815e-01,7.555324998247172630e-01,7.708268154122449589e-01,7.849452641507613793e-01,7.976860735051507501e-01,8.088928579759313564e-01,8.184785173602050490e-01,8.264418222801227509e-01,8.328812215466714353e-01,8.379873530489515554e-01,8.420291990079723510e-01,8.453189383582361272e-01,8.481740938506232563e-01,8.508839528238433259e-01,8.536800219144421442e-01,8.567699994913874351e-01,8.602751558561562151e-01,8.643201970332788919e-01,8.690173107056932134e-01,8.744882815692130995e-01,8.808742281489182480e-01,8.883442935484550107e-01,8.971038958634637295e-01,nan,9.195570808919327765e-01,9.339484109775288978e-01,9.510657657193917203e-01,9.715291079899851523e-01,9.961372638868069007e-01,1.025933604988162218e+00,1.062301985342632538e+00,1.107109092848676424e+00,1.162921289861832408e+00,1.233342003016175914e+00,1.323552110761005762e+00,1.441203893849099194e+00,1.597700974042953304e+00,1.812090129357462942e+00,2.113623045328016481e+00,2.553636841507074262e+00,3.223248989989900171e+00,4.292239176929172118e+00,6.087400476181640485e+00
9.097536523544069720e-01,9.520266243081874080e-01,9.968714653383038415e-01,6.458259080608940161e-01,6.636205667968860800e-01,6.815191443231063406e-01,6.993715983247698054e-01,7.170055119543755628e-01,7.342228720877170822e-01,7.508083343148931332e-01,7.665350477030916654e-01,7.811700082905840281e-01,7.945093183961312588e-01,8.063806990615890458e-01,8.166734396072757862e-01,8.253604095113106220e-01,8.325105204983273000e-01,8.382885473827244027e-01,8.429462322685026265e-01,8.467918720937804844e-01,8.501531545775973253e-01,8.533421521210766691e-01,8.566249305775673895e-01,8.602228920892942554e-01,8.643040179960053138e-01,8.690131843749506757e-01,8.744873548007079389e-01,8.808739435359317360e-01,8.883441021304485652e-01,8.971036854140241878e-01,9.074036478007639905e-01,9.195567933415634831e-01,9.339480712239818239e-01,9.510653564300530771e-01,9.715286277695444062e-01,9.961366740500853245e-01,nan,1.062301104588248224e+00,1.107108012771681693e+00,1.162919941071112850e+00,1.233340269091968810e+00,nan,1.441200911910991866e+00,1.597935968781057703e+00,1.812084643730109024e+00,2.113615120468306241e+00,2.553625067318181063e+00,3.223230672025324761e+00,4.292208013398170152e+00,6.087349316848544412e+00
8.578452958153115482e-01,8.967803265816872704e-01,9.382805745519309237e-01,6.227595961165990346e-01,6.402636509591663749e-01,6.580363651171826644e-01,6.759615783990713389e-01,6.939016965181841190e-01,7.116924143240362932e-01,7.291459345949756754e-01,7.460530830486988840e-01,7.621916000997098761e-01,7.773332468684359675e-01,7.912644746487268455e-01,8.038018165266411774e-01,8.148156808595461431e-01,8.242540447109762969e-01,8.321563531431044325e-01,8.386614452505793960e-01,8.440019762870812903e-01,8.484785031228332386e-01,8.524257809791415674e-01,8.561760863909261277e-01,8.600253357298912604e-01,8.642289755164928033e-01,8.689887752338656401e-01,8.744811642167370502e-01,8.808724032742785148e-01,8.883436112275751029e-01,8.971033541581164839e-01,9.074078465594533904e-01,9.195563720216317627e-01,9.339475680540149094e-01,9.510646785414684778e-01,9.715279147356172817e-01,9.961358124423159710e-01,1.025931842621264911e+00,1.062299815530883595e+00,1.107106424074285833e+00,1.162917945768562555e+00,1.233337739119086729e+00,1.323547010018339076e+00,1.441196553270851721e+00,1.597930227307024831e+00,1.812076524275087142e+00,2.113603810892421109e+00,2.553606679656392764e+00,3.223204077121583744e+00,4.292165619105177576e+00,6.087275056862154088e+00
8.102686248959382054e-01,8.459742561722755072e-01,8.841515860944447747e-01,6.002954085951899277e-01,6.173377919296333394e-01,6.347720084088062098e-01,6.525124658047448678e-01,6.704547466544339418e-01,6.884692396577383189e-01,7.064023160320475059e-01,7.240752759361361868e-01,7.412889074677233570e-01,7.578244014955209940e-01,7.734590143071724544e-01,7.879749170209355835e-01,8.011797985676479827e-01,8.129280441054731465e-01,8.231444001504437669e-01,8.318418571913954729e-01,8.391324538194647742e-01,8.452278373670434330e-01,8.504174229846926947e-01,8.550403817632790116e-01,8.594421692538617430e-01,8.639654891756424204e-01,8.688831927574716119e-01,8.744442686130751152e-01,8.808616217317902786e-01,8.883407549165225348e-01,8.971024680134698226e-01,9.074034219708282389e-01,9.195557525454419734e-01,9.339468431862729680e-01,9.510638957894322898e-01,nan,9.961345604129907549e-01,1.025930315707819229e+00,1.062297944681103612e+00,1.107104104261614985e+00,1.162915023451246865e+00,1.233334049274301236e+00,1.323542145112865054e+00,1.441190309567660810e+00,1.597921807198480426e+00,1.812064886196196323e+00,2.113586817759558922e+00,2.553585568512340753e+00,3.221464598504955479e+00,4.292102547681342806e+00,6.087166853952745704e+00
7.667982894881747447e-01,7.994550611400688123e-01,8.344402508321296930e-01,5.786073111663552204e-01,5.950653303824835483e-01,6.120030389194657250e-01,6.293605161892830147e-01,6.470629368368325807e-01,6.650129580790095085e-01,6.830912029867928226e-01,7.011535761209622963e-01,7.190332026944959987e-01,7.365369638569128075e-01,7.534569774577992707e-01,7.695731298010572985e-01,7.846672270778212166e-01,7.985426355908643581e-01,8.110389599745961853e-01,8.220610295991729322e-01,8.315974452275735063e-01,8.397350913340531076e-01,8.466619742863408238e-01,8.526330167300342211e-01,8.580449321323285750e-01,8.632290435947507223e-01,8.685326403962360109e-01,8.742978550649518343e-01,8.808083651415813398e-01,8.883240008381263486e-01,8.970978662219151190e-01,9.074018475160937625e-01,9.195547305372734348e-01,9.339457675087343702e-01,nan,9.715253635569456314e-01,9.961327358107260332e-01,1.025928098604669492e+00,1.062295219181485617e+00,1.107100733500408385e+00,1.162910810851802701e+00,1.233328674524131419e+00,1.323535206982198176e+00,1.441181192182562576e+00,1.597909489332181909e+00,1.812047857465802769e+00,2.113562466122179906e+00,2.553547060970947857e+00,3.223109531006747908e+00,4.292012364579415262e+00,6.087009499885164487e+00
7.271516369254809042e-01,7.569794028037258871e-01,7.889649545181371959e-01,5.578141823501295837e-01,5.736054745426589774e-01,5.899350592684861061e-01,6.067641023266010514e-01,6.240426154054657948e-01,6.417013886624607366e-01,6.596524051342056438e-01,6.777853255980392788e-01,6.959680080759607090e-01,7.140402695465583038e-01,7.318237205856892302e-01,7.491162813872033199e-01,7.657049897282831585e-01,7.813744863632852145e-01,7.959225563569606310e-01,8.091817722193475060e-01,8.210388638219513480e-01,8.314616011141482410e-01,8.405105343069170232e-01,8.483522508067313783e-01,8.552495728117127660e-01,8.615416392269100720e-01,8.676092821609675543e-01,8.738402724773163266e-01,8.806082166062344507e-01,8.882474254409331582e-01,8.970728307496614873e-01,9.073940857953249894e-01,9.195519778640509623e-01,nan,9.510607622097396741e-01,9.715231569891780161e-01,9.961300756292793546e-01,1.025924865097327832e+00,1.062291252318774415e+00,1.107095823777371146e+00,1.162904659089332604e+00,1.233320852945191337e+00,1.323525102470746173e+00,1.441167888272792963e+00,1.597891564700036016e+00,1.812023062740876211e+00,2.113527124753851183e+00,2.553494457335929280e+00,3.223027959990960589e+00,4.291878423342450510e+00,6.086792211041137435e+00
6.910241982970971586e-01,7.182553900706720729e-01,7.474676648436151538e-01,5.379911382518801632e-01,5.530654938393230191e-01,5.687127292007561064e-01,5.849130543594608378e-01,6.016342956249868257e-01,6.188314450741758677e-01,6.364434642055705194e-01,6.543903168447257057e-01,6.725728966364891148e-01,6.908655251388264862e-01,7.091237761293270880e-01,7.271764464599983491e-01,7.448330087676721112e-01,7.618879330675814021e-01,7.781305740482739042e-01,7.933585574463402068e-01,8.073974921977464803e-01,8.201226704518181920e-01,8.314799485272457158e-01,8.415102266575628098e-01,8.503574602736736487e-01,8.582698894005484913e-01,8.655751351622485990e-01,8.726899211191452288e-01,8.800201763884578643e-01,8.879779104698847236e-01,8.969657518947847796e-01,9.073558354701123374e-01,9.195395434370879917e-01,9.339392151960912436e-01,9.510576093863991609e-01,9.715198802446233239e-01,9.961261960225541445e-01,1.025920157282365075e+00,1.062285479824107481e+00,1.107088674048261723e+00,1.162895696611905283e+00,1.233309460010186154e+00,1.323510393482531189e+00,1.441148519283144580e+00,1.597865472577471246e+00,1.811986951651644917e+00,2.113475534364002595e+00,2.553417788683429723e+00,3.222909037330375703e+00,4.291684508730479131e+00,6.086449760874097947e+00
6.581107116092657083e-01,6.829777638427368958e-01,7.096514693839008903e-01,5.191788901403689982e-01,5.335112768621672608e-01,5.484338192466560180e-01,5.639397494692105495e-01,5.800126784320045470e-01,5.966264785367345613e-01,6.137423554187392272e-01,6.313060276002634419e-01,6.492475525281258264e-01,6.674733958910431530e-01,6.858726823712514298e-01,7.043104597459149963e-01,7.226262951942805657e-01,7.406413567309090284e-01,7.581597609948249605e-01,7.749775440446144970e-01,7.908944171910912146e-01,8.057340319121932826e-01,8.193618272639904276e-01,8.317090176010537572e-01,8.427968149305566925e-01,8.527496570348508387e-01,8.618016579181422276e-01,8.702862562642637023e-01,8.786112660803826468e-01,8.872276546578666823e-01,8.966056393581518513e-01,9.072041056103199441e-01,9.194830999187982856e-01,9.339194000924566641e-01,9.510494775563137493e-01,9.715143352842584568e-01,9.961204067059079570e-01,1.025913286285302650e+00,1.062277072378494225e+00,nan,nan,1.233292876653232062e+00,1.323488974310221611e+00,1.441120317346566537e+00,1.597827491905911224e+00,1.811934371734709170e+00,2.113400391445414250e+00,2.553306256851166633e+00,3.222735457018151894e+00,4.291401983141572174e+00,6.085966570160338485e+00
6.281196814881048196e-01,6.508438625420103207e-01,6.752098390138968620e-01,5.013920696038594027e-01,5.149765670855240840e-01,5.291548058045940639e-01,5.439301150779497496e-01,5.592978603259020076e-01,5.752468361812211883e-01,5.917562713077498815e-01,6.087921360787279523e-01,6.263095593400145322e-01,6.442434358380487724e-01,6.625132147240561098e-01,6.810178697883103593e-01,6.996313716750031109e-01,7.182080038681576406e-01,7.365817917163943740e-01,7.545638364943287879e-01,7.719617397385026836e-01,7.885827038169692660e-01,8.042480220779113509e-01,8.188194481093165056e-01,8.322172944067856015e-01,8.444469162008138019e-01,8.556175995695666225e-01,8.659500160721841366e-01,8.757758427645148114e-01,8.855178195669088925e-01,8.956725319424861942e-01,9.067349185965574154e-01,9.192740461746657932e-01,9.338368930140623636e-01,9.510182052519213780e-01,9.715005625252119970e-01,9.961106587343651064e-01,nan,1.062264797532541438e+00,1.107063102497961138e+00,1.162863638117929810e+00,1.233268732931870115e+00,1.323457794653309927e+00,1.441079264459151466e+00,1.597772184154408581e+00,1.811857834494213337e+00,2.113290942230691360e+00,2.553143807118539055e+00,3.222483602572607797e+00,4.290990666346837124e+00,6.085261842158413259e+00
6.007828785043952680e-01,6.215672331052658484e-01,6.438434333029210421e-01,4.846260392470219114e-01,4.974710450777677928e-01,5.109034085666648295e-01,5.249335806243186076e-01,5.395661616897128310e-01,5.548011000360139056e-01,5.706314649343250389e-01,5.870399264785515214e-01,6.040014275712806135e-01,6.214742105326440669e-01,6.394042690140134821e-01,6.577208089934731827e-01,6.763304717677515177e-01,6.951218018755406236e-01,7.139626980256008615e-01,7.326939851290089623e-01,7.511475513164028728e-01,7.691394268501349218e-01,7.864833009592844260e-01,8.030063393016242390e-01,8.185691199731288670e-01,8.330869348219529513e-01,8.465551227975288695e-01,8.590695668212103842e-01,8.708435646066255975e-01,8.822084134422754076e-01,8.936042753561969088e-01,9.055620028116161402e-01,9.186666172036962452e-01,9.335534834755964129e-01,9.508988771810372720e-01,9.714520157270634115e-01,9.960874874128691214e-01,1.025885312490073753e+00,1.062246471869988440e+00,1.107040959112758571e+00,1.162835983419677310e+00,1.233233597316834462e+00,1.323412406912630956e+00,nan,1.597691694710779320e+00,1.811746426436842139e+00,2.113131760702853690e+00,2.552907350766118189e+00,3.222116541401944811e+00,4.290391870963573773e+00,6.084235779010347400e+00
5.758645899999770279e-01,5.948873004894349448e-01,6.152717230306347096e-01,4.688627571783164916e-01,4.809865415704760450e-01,4.936844277326734587e-01,5.069718397807747579e-01,5.208597954457629964e-01,5.353569386086786119e-01,5.504660391995931379e-01,5.661485237347942956e-01,5.824995027552767324e-01,5.993908741951917696e-01,6.168258637956592905e-01,6.347590424319108360e-01,6.531259145799591659e-01,6.718468212887944713e-01,6.908219590336516225e-01,7.099307301399405690e-01,7.290323385999452066e-01,7.479701919237468077e-01,7.665723275767418743e-01,7.846663358413614731e-01,8.020872703000911930e-01,8.186997485829161647e-01,8.344188745860248169e-01,8.492348335202730691e-01,8.632387924959316061e-01,8.766391670343161024e-01,8.897754833166577892e-01,9.031087823577079732e-01,9.172211637833671549e-01,9.327758597807369600e-01,9.505197036674636335e-01,9.712830136450836260e-01,9.960130275510772346e-01,1.025846968765411482e+00,1.062215971968880845e+00,1.107007873932263964e+00,1.162795593872216982e+00,nan,1.323346369474768469e+00,1.440932566785048552e+00,1.597574574885510579e+00,1.811584327149229789e+00,2.112900050569732180e+00,2.552563264511976904e+00,3.221582331331459326e+00,nan,6.082742137897359846e+00
5.531690441599457220e-01,5.705777962858346042e-01,5.892421618182930310e-01,4.540763931453251079e-01,4.655029709255740777e-01,4.774868283363656318e-01,4.900457768737043196e-01,5.031951132346975664e-01,5.169493806448307582e-01,5.313192086762933419e-01,5.463109686614880944e-01,5.619250740600066907e-01,5.781559563570926041e-01,5.949871863789655269e-01,6.123946965359272632e-01,6.303382050790656832e-01,6.487656503251016948e-01,6.676079599811990395e-01,6.867776242278064158e-01,7.061681614800684459e-01,7.256551073972630217e-01,7.450955360193992627e-01,7.643357470382545760e-01,7.832155677057176524e-01,8.015840171928377833e-01,8.193167618174629352e-01,8.363324472026049117e-01,8.526258422635935030e-01,8.682870310496045851e-01,8.835339740933237929e-01,8.987101986919827645e-01,9.143295215838243006e-01,9.310146226210510578e-01,9.495345127500163240e-01,9.707787458867631614e-01,9.957738226172689888e-01,1.025733318185878096e+00,1.062150875082352730e+00,1.106953772950184600e+00,1.162735314175351142e+00,1.233107769510060070e+00,1.323250282652470577e+00,1.440806094503109591e+00,1.597404215272993921e+00,1.811348539452880324e+00,2.112562991347897601e+00,2.552062692816418732e+00,3.220805100412615030e+00,4.288252158513190970e+00,6.080568305585686950e+00
5.325424189367378158e-01,5.484529372024022909e-01,5.655380755705333717e-01,4.402393954615183014e-01,4.509938898427106602e-01,4.622888495302954204e-01,4.741416726784635771e-01,4.865694638662830807e-01,4.995904236506181761e-01,5.132205634243316439e-01,5.274733383677399079e-01,5.423581787935495280e-01,5.578804831846467804e-01,5.740375914774478172e-01,5.908217827070758599e-01,6.082123558617440473e-01,6.261801230292108889e-01,6.446822329640992111e-01,6.636610093236374741e-01,6.830418836849455611e-01,7.027342680319946799e-01,7.226280075693453098e-01,7.426010886372832465e-01,7.625144233756382395e-01,7.822279231196496152e-01,8.016095637090205894e-01,8.205468467942980126e-01,8.389750510959437246e-01,8.568970798006668721e-01,8.744179592361737141e-01,8.917647233682027830e-01,9.093211505446270326e-01,9.276294882529703134e-01,9.474058613318012689e-01,9.695428168367392630e-01,9.951113727055646008e-01,1.025398301526819100e+00,1.061977573532329799e+00,1.106844820663825502e+00,1.162637840386042010e+00,1.232996589230661799e+00,1.323110065722606032e+00,1.440622173865105937e+00,1.597156561196876545e+00,1.811005760223582062e+00,2.112072963755693422e+00,2.551334866712370086e+00,3.219674853539883141e+00,4.286407571517162118e+00,6.077405498966411024e+00
5.138684471780401442e-01,5.283682624082444157e-01,5.439836365130622520e-01,4.273287782172147664e-01,4.374325697642300059e-01,4.480638415389979201e-01,4.592366340933839441e-01,4.709679189993382087e-01,4.832742990002196759e-01,4.961776184233949172e-01,5.096952317033552893e-01,5.238430478160366333e-01,5.386347041067556241e-01,5.540778715803306165e-01,5.701773622673339537e-01,5.869281091172117160e-01,6.043189886794552157e-01,6.223289097967791283e-01,6.409248964243062785e-01,6.600609659273338758e-01,6.796756483985848529e-01,6.996864855908598857e-01,7.200329429268688131e-01,7.405753548084147431e-01,7.612104428141014401e-01,7.818216053951849709e-01,8.022950686398817588e-01,8.225434618451356039e-01,8.425227500319435459e-01,8.622573735209720924e-01,8.818748539243913553e-01,9.016328249823569729e-01,9.219664249980190629e-01,9.434753321517790337e-01,9.669931444440605928e-01,9.935755328511454154e-01,1.024532543544945273e+00,1.061509602905806648e+00,1.106578862602213276e+00,1.162450574465953235e+00,1.232819438469729967e+00,1.322901490400552715e+00,1.440354042832504566e+00,1.596796665052971020e+00,1.810507824848751168e+00,2.111361074514684244e+00,2.550277353826940541e+00,3.218032299519334227e+00,4.283726122393447078e+00,6.072805794748095565e+00
4.970564220930948074e-01,5.102139282355796501e-01,5.244428269479664007e-01,4.153309305216134062e-01,4.247962795322980378e-01,4.347861904746088135e-01,4.453041818595809831e-01,4.563649707047312543e-01,4.679835048632358108e-01,4.801820760743276129e-01,4.929805915993014653e-01,5.063992286380818442e-01,5.204574878999341792e-01,5.351706581707367238e-01,5.505530948913125444e-01,5.666113172997587766e-01,5.833486647755626864e-01,6.007611254697030612e-01,6.188360188692265673e-01,6.375509772138172604e-01,6.568715383203909131e-01,6.767563063478296836e-01,6.971434183193568890e-01,7.179599925484395628e-01,7.391242624986504861e-01,7.605467280300164390e-01,7.821331098418331518e-01,8.038007113163682105e-01,8.254919350656502175e-01,8.471924005502035060e-01,8.689625252435830838e-01,8.909652884928391803e-01,9.135217583126956642e-01,9.371183343879653238e-01,9.624648989299272595e-01,9.905414013666450357e-01,1.022630306638193654e+00,1.060382003397134731e+00,1.105923768970729970e+00,1.162042433569487887e+00,nan,1.322576553722691672e+00,1.439957289044779376e+00,1.596272589362373484e+00,1.809784998226554587e+00,2.110327988934184607e+00,2.548742444466704171e+00,3.215647537104592057e+00,4.279831396298192203e+00,6.066120816429880769e+00
4.820259335613217289e-01,4.939017890579118775e-01,5.068109980932463676e-01,4.042427104249891601e-01,4.130769042619212850e-01,4.224367641655621397e-01,4.323200235872294850e-01,4.427355782879707768e-01,4.536940203065444321e-01,4.652152296366338646e-01,4.773190598667135798e-01,4.900276622794584314e-01,5.033642504577310328e-01,5.173494656746043807e-01,5.320045732641122127e-01,5.473449072716859432e-01,5.633847259640875071e-01,5.801329490920636989e-01,5.975933841426824822e-01,6.157623320803650158e-01,6.346277715960424448e-01,6.541734869216294657e-01,6.743666170902880008e-01,6.951658564234521887e-01,7.165208908484096417e-01,7.383758942204401432e-01,7.606652081610354443e-01,7.833290783889590436e-01,8.063189599376379135e-01,8.296159210326499167e-01,8.532492359452413799e-01,8.773325734206272042e-01,9.020887000656756527e-01,9.278621389564409849e-01,9.553728430479148104e-01,9.853577593590843176e-01,1.019046794198182893e+00,1.058038764892569539e+00,1.104454661864369580e+00,1.161118299286624467e+00,1.231857999203036513e+00,1.322021042399656343e+00,1.439349589971692156e+00,1.595502629105254311e+00,1.808735007654187488e+00,nan,2.546517925111202452e+00,3.212190026023635792e+00,4.274181351977454746e+00,6.056414597654783627e+00
4.686931858735374767e-01,4.793500073996085908e-01,4.910011288234821247e-01,3.940678612943050996e-01,4.022707217239166466e-01,4.110058239766773980e-01,4.202668337469059878e-01,4.300568600493759885e-01,4.403806115631487272e-01,4.512531671557388213e-01,4.626911447566364188e-01,4.747164116340775730e-01,4.873533241904135505e-01,5.006262441636013527e-01,5.145607210532010534e-01,5.291772520832809246e-01,5.445022908965142516e-01,5.605506102120685341e-01,5.773396728577275816e-01,5.948806159582374908e-01,6.131809551593562224e-01,6.322400524207899553e-01,6.520540629089079943e-01,6.726080099829137016e-01,6.938807795401742418e-01,7.158486470573126592e-01,7.384783443500502198e-01,7.617399603381348472e-01,7.856099227881551128e-01,8.100837567875939227e-01,8.351909898820782940e-01,8.610244568763639750e-01,8.877605235618938329e-01,9.157080201608945869e-01,9.453777912901601965e-01,9.774995548545072355e-01,1.013148216132839119e+00,1.053822531521839689e+00,1.101571717046000876e+00,1.159193758487237602e+00,1.230534214348707245e+00,1.320988410378958422e+00,1.438358407429461971e+00,1.594342380942736392e+00,1.807200800799427576e+00,2.106660961099465545e+00,2.543300272206910240e+00,3.207187305974254166e+00,4.265999587861831976e+00,6.042341878272068811e+00
4.569623614125297717e-01,4.664711144996919190e-01,4.769293069947869168e-01,3.848103214289380625e-01,3.923806847549141663e-01,4.004921565034847974e-01,4.091360884254326424e-01,4.183130028019164670e-01,4.280217489802148889e-01,4.382711752559773632e-01,4.490730768854061528e-01,4.604455738899977946e-01,4.724119542300016517e-01,4.849975395893366126e-01,4.982306029255262336e-01,5.121360198320997759e-01,5.267460779678149185e-01,5.420824614691428511e-01,5.581723770557440734e-01,5.750381040023615498e-01,5.926992455338396804e-01,6.111766058334965335e-01,6.304807959591531841e-01,6.506211405454507268e-01,6.716021870922177506e-01,6.934288885785815371e-01,7.160986658910877267e-01,7.396130229564114034e-01,7.639791776243174404e-01,7.892187081910064794e-01,8.153798188283100101e-01,8.425590298543982337e-01,8.709214384125016917e-01,9.007425377576742109e-01,9.324559350677648073e-01,9.667176532054804206e-01,1.004485515187333977e+00,1.047141476374864100e+00,1.096620754177288104e+00,1.155635167490226545e+00,1.227981120435175599e+00,1.319046690674411160e+00,1.436653364121337040e+00,1.592526967850546260e+00,1.804928606822828963e+00,2.103514409113529382e+00,2.538655644478049478e+00,3.199969409792671193e+00,4.254182788284459171e+00,6.021982088397267674e+00
4.467229111373556272e-01,4.551646706517299967e-01,4.645037286035677560e-01,3.764654468237110807e-01,3.834075226667053027e-01,3.908962937547985628e-01,3.989257747413871846e-01,4.074960032643059615e-01,4.166026501202030330e-01,4.262491953889656626e-01,4.364413619285939516e-01,4.471917860199652872e-01,4.585199295001375908e-01,4.704494962053585305e-01,4.830092406785060910e-01,4.962264417679425055e-01,5.101370862347712754e-01,5.247682382328500150e-01,5.401537779923435423e-01,5.563244414323733622e-01,5.733102725805695465e-01,5.911446488349222372e-01,6.098535009501846460e-01,6.294642316435872242e-01,6.500024490376435926e-01,6.714975223173798025e-01,6.939729686644233730e-01,7.174608775734929722e-01,7.419976119000436521e-01,7.676359718631422524e-01,7.944510136822222623e-01,8.225596459093605928e-01,8.521362630996307530e-01,8.834492284693075126e-01,9.169038092139487617e-01,9.531025208948644689e-01,9.929207397124208967e-01,1.037638706109770048e+00,1.089070213565343614e+00,1.149809483498775320e+00,1.223545710138273179e+00,1.315587593364798025e+00,1.433711046220105034e+00,1.589611603974499854e+00,1.801505214885636530e+00,2.098930771245632432e+00,2.531970358933299359e+00,3.189599395074512511e+00,4.237184276118614257e+00,5.992623785528490288e+00
4.378515958161347532e-01,4.453160244006121316e-01,4.536192970394863910e-01,3.690148502601932612e-01,3.753426720252286408e-01,3.822157025097300265e-01,3.896346636889212456e-01,3.976024947954726607e-01,4.061149780575328272e-01,4.151726773763007583e-01,4.247762357298541236e-01,4.349327121501774807e-01,4.456542469614875324e-01,4.569620028319139604e-01,4.688821755582537887e-01,4.814422621734079089e-01,4.946800722638414749e-01,5.086262310178761847e-01,5.233193127644573117e-01,5.387962101441148288e-01,5.550947051808248212e-01,5.722581612434700649e-01,5.903225867644510405e-01,6.093310768775106467e-01,6.293253720744863555e-01,6.503543258511903513e-01,6.724639428725983636e-01,6.957114485268098836e-01,7.201612041860541158e-01,7.458947708047143355e-01,7.730166694002819083e-01,8.016707503860212025e-01,8.320529510891163660e-01,8.644436646197276586e-01,8.992456983628889233e-01,9.370396334467100408e-01,9.786555896631490281e-01,1.025295265460353322e+00,1.078676983938315903e+00,1.141273695121203247e+00,1.216641083795925837e+00,1.309957005483644465e+00,1.428872857032362109e+00,1.584969460642054573e+00,1.796324087506131706e+00,2.092253114554849969e+00,2.522398057431642027e+00,3.174807277320352839e+00,4.212896226175719683e+00,5.950520957100087216e+00
4.302172435646007820e-01,4.367991939918267064e-01,4.441575442385597428e-01,3.624281061965461959e-01,3.681636087796999468e-01,3.744368676117825756e-01,3.812554755990701372e-01,3.886278201132531418e-01,3.965530074126893956e-01,4.050319506012353132e-01,4.140627385111974590e-01,4.236474696022413666e-01,4.337921782084803168e-01,4.445121153416516369e-01,4.558290680458610966e-01,4.677683335252840746e-01,4.803677288669663259e-01,4.936588914030069497e-01,5.076841957140405537e-01,5.224846059176359025e-01,5.381035105740185065e-01,5.545911425741992806e-01,5.719924762767889526e-01,5.903610880692526930e-01,6.097516404890183095e-01,6.302282438890141059e-01,6.518549145548684365e-01,6.747095713268895789e-01,6.988799636135054616e-01,7.244733368897120496e-01,7.516216563305850862e-01,7.804963820551934495e-01,8.113196014637376052e-01,8.443926044416555365e-01,8.801317745908918688e-01,9.191176098448184950e-01,9.621614365461651497e-01,1.010422051948938638e+00,1.065548816655120135e+00,1.129911112604858658e+00,1.206937465736489301e+00,1.301646351609203167e+00,1.421512556423586648e+00,1.577906170193528856e+00,1.788645554742135824e+00,2.082650651041700218e+00,2.508872548085211651e+00,3.153996724563266962e+00,4.178617870849757665e+00,5.890729068949249303e+00
4.236863254699471670e-01,4.294819121641835213e-01,4.359901868837116057e-01,3.566560689283030938e-01,3.618324806645896730e-01,3.675320172681060815e-01,3.737693774146800263e-01,3.805597032664505552e-01,3.879077592446404932e-01,3.958178691735484422e-01,4.042887383997088024e-01,4.133200385373776986e-01,4.229129361834101930e-01,4.330764684131946374e-01,4.438264015232298854e-01,4.551835612196661884e-01,4.671832241998662427e-01,4.798568893603262220e-01,4.932487517811001698e-01,5.074013135731457735e-01,5.223631825934198503e-01,5.381893067627356864e-01,5.549306316618146662e-01,5.726491497409106346e-01,5.914090713590441917e-01,6.112861547292284259e-01,6.323584293926488575e-01,6.547201376909670412e-01,6.784780344070794333e-01,7.037606822653184047e-01,7.307249322636992783e-01,7.595632843708741699e-01,7.905272508472035442e-01,8.239404204019949995e-01,8.602395233320400125e-01,9.000168832045505329e-01,9.440827867070170631e-01,9.935770233521238337e-01,1.050105780114763965e+00,1.115962449331286077e+00,1.194462279784975767e+00,1.290468621123855630e+00,1.411242746781135482e+00,1.567872654794755016e+00,1.777781018048030237e+00,2.069282645665476927e+00,2.490274535251912003e+00,3.125443134777826870e+00,4.131310407833467480e+00,5.807391079194807126e+00
4.181280533573427105e-01,4.232310944106384976e-01,4.289843245125594118e-01,3.516392135240040684e-01,3.562976537160953971e-01,3.614583005677219907e-01,3.671433137362829502e-01,3.733737040076772207e-01,3.801613899712742439e-01,3.875162795031897867e-01,3.954405861842413272e-01,4.039346027930614258e-01,4.129970855011910746e-01,4.226320799864297650e-01,4.328490602678667920e-01,4.436628345812337892e-01,4.551039998029346445e-01,4.672021245798276268e-01,4.800000215972181627e-01,4.935426322474558147e-01,5.078807808878986751e-01,5.230728889073775756e-01,5.391746302914305344e-01,5.562537359235405487e-01,5.743817876599726091e-01,5.936425380428412835e-01,6.141258776009566045e-01,6.359377796300229591e-01,6.592002964562742040e-01,6.840579854783418456e-01,7.106880201843823741e-01,7.393035304171374777e-01,7.701777405143913624e-01,8.036584743479825432e-01,8.402012951153818854e-01,8.804155230076607941e-01,9.251192082886091628e-01,9.754471362726053751e-01,1.032979341051778688e+00,1.099956271182656931e+00,1.179596035062577597e+00,1.276615993905497737e+00,1.398053326855567047e+00,1.554662033560152867e+00,1.763344609822013576e+00,2.051574176286733220e+00,2.465761102142213890e+00,3.087759276920914342e+00,4.068323995724504094e+00,5.694880265210244374e+00
4.134190994689544985e-01,4.179176188800425851e-01,4.230077252042327429e-01,3.473103961655277794e-01,3.514971010497283110e-01,3.561609885141011067e-01,3.613303446020385001e-01,3.670315303611815794e-01,3.732836593193010755e-01,3.801032849316403062e-01,3.874981647279338026e-01,3.954719471939136533e-01,4.040238610002475084e-01,4.131552979904452583e-01,4.228704576308541796e-01,4.331778707197493361e-01,4.441019257109866114e-01,4.556675588801150645e-01,4.679163318963217022e-01,4.808920729226995872e-01,4.946472838970751296e-01,5.092426879993967592e-01,5.247373399640834490e-01,5.412030864792379825e-01,5.587167767785471417e-01,5.773686542104329300e-01,5.972563436614096721e-01,6.184955070627928819e-01,6.412194393306167584e-01,6.655857883087379356e-01,6.917868215518244712e-01,7.200524482402680393e-01,7.506741400050055413e-01,7.840181943061039771e-01,8.205599434889835342e-01,8.609232677199228911e-01,9.059368018828211078e-01,9.567359992554276271e-01,1.014883852572468159e+00,1.082580737859775377e+00,1.162962691448185648e+00,1.260608986401592357e+00,1.382328298524732269e+00,1.538499771053015275e+00,1.745410424961418627e+00,2.029466203651309808e+00,2.435136520739912935e+00,3.040488115463341412e+00,3.988496868257119132e+00,5.549991424393687645e+00
4.094432410780788900e-01,4.134199122158563888e-01,4.179332462430734862e-01,3.435989611328576498e-01,3.473624932092189699e-01,3.515761854741177306e-01,3.562720640057133736e-01,3.614820797239927663e-01,3.672311598700719326e-01,3.735427471852437731e-01,3.804311469001674939e-01,3.879053003044547476e-01,3.959674870405244240e-01,4.046191011617817912e-01,4.138613067868505135e-01,4.236968988880908116e-01,4.341438674332494529e-01,4.452212625462445006e-01,4.569665378859525950e-01,4.694217864486436298e-01,4.826396041344052645e-01,4.966820309611038042e-01,5.116104556432100603e-01,5.274996677014862634e-01,5.444303089353610403e-01,5.624972883759592479e-01,5.818040706800713391e-01,6.024733050884327756e-01,6.246469182288880706e-01,6.484922436545385027e-01,6.742130970528935618e-01,7.020522977589888081e-01,7.323155090019140001e-01,7.653839700751522424e-01,8.017478232548248540e-01,8.420440907745881942e-01,8.871102365905343401e-01,9.380824788420156768e-01,9.965116225826456953e-01,1.064561503451844970e+00,1.145295731552720353e+00,1.243157792647096915e+00,1.364727574011281197e+00,1.519984888752655250e+00,1.724522187005640417e+00,2.003496785300324490e+00,2.399023834612839412e+00,2.984493681154196221e+00,3.893055588883199025e+00,5.374216066905510125e+00
4.060973889057444275e-01,4.096262620250079034e-01,4.136420397297865259e-01,3.404342672669762315e-01,3.438231208397524719e-01,3.476344388482518477e-01,3.519028882127308022e-01,3.566643415887166824e-01,3.619489534356902793e-01,3.677863435152378124e-01,3.741974965280709386e-01,3.811976496312337037e-01,3.887939867734345190e-01,3.969903258330340634e-01,4.057871390033959136e-01,4.151834850855327663e-01,4.251912864199623998e-01,4.358231205694780841e-01,4.471108794552520749e-01,4.590933017698771157e-01,4.718217733282528137e-01,4.853586835017367762e-01,4.997669461620532494e-01,5.151234051977733319e-01,5.315114344845012218e-01,5.490292960569187475e-01,5.677847175020379611e-01,5.879054862845785046e-01,6.095397433818586785e-01,6.328621614733471734e-01,6.580850764344194914e-01,6.854609544964908041e-01,7.153060683243900320e-01,7.480128444795354214e-01,7.840824552218894627e-01,8.241615322890253337e-01,8.690935026719420753e-01,9.200137021037499974e-01,9.784595697114109036e-01,1.046560627947673128e+00,1.127309423121477305e+00,1.225019449521420389e+00,1.346036946324781214e+00,1.499931055009201541e+00,1.701546857324300444e+00,1.974675928751382648e+00,2.358775594615041271e+00,2.921867224354446790e+00,3.785677401202670378e+00,5.174486677032649418e+00
4.032890827870152517e-01,4.064360126693995490e-01,4.100255221517641324e-01,3.377483709106882115e-01,3.408091518897611305e-01,3.442652985179907033e-01,3.481530730197440193e-01,3.525111221400384909e-01,3.573736958332886515e-01,3.627756782672859059e-01,3.687442625460476964e-01,3.753011837537195139e-01,3.824595583873568461e-01,3.902274203055857704e-01,3.986067833407896943e-01,4.075950711469227272e-01,4.171995025102922527e-01,4.274275710101304582e-01,4.383012514844796814e-01,4.498581169357924736e-01,4.621458587187766143e-01,4.752263460844087239e-01,4.891630020250468114e-01,5.040343422668167594e-01,5.199256072294071718e-01,5.369374598650765718e-01,5.551807188576430852e-01,5.747868803285950401e-01,5.959086096457073545e-01,6.187259296183192925e-01,6.434573807127198508e-01,6.703624535480663393e-01,6.997650841537074173e-01,7.320658743357926213e-01,7.677730570858971593e-01,8.075400386966060662e-01,8.522128439831110347e-01,9.029232119648824550e-01,9.611936356184681562e-01,1.029117876734664927e+00,1.109619456905591717e+00,1.206882859244560846e+00,1.327023317267739477e+00,1.479193184834643571e+00,1.677477729838469100e+00,1.944231960842408347e+00,2.316118975172869909e+00,2.855425052079273218e+00,3.671584119047686556e+00,4.961566435166856692e+00
4.009371056941836153e-01,4.037598908161168509e-01,4.069863008929383574e-01,3.354778449529884354e-01,3.382540391832052351e-01,3.413999862880308656e-01,3.449527360091979578e-01,3.489527430867663260e-01,3.534372921100098486e-01,3.584455151877605217e-01,3.640100153928144677e-01,3.701586807230851095e-01,3.769108602946222852e-01,3.842798729681842218e-01,3.922709898526447470e-01,4.008819963378010831e-01,4.101173088639004094e-01,4.199785072822771470e-01,4.304816619517072285e-01,4.416585053807245420e-01,4.535531080511905899e-01,4.662256838201902509e-01,4.797400390932970438e-01,4.941752487378280323e-01,5.096180343936296264e-01,5.261707810485232173e-01,5.439465364026339067e-01,5.630794672218297769e-01,5.837254820359972785e-01,6.060684484527137927e-01,6.303308681822937798e-01,6.567786240853722424e-01,6.857395878219662011e-01,7.176204274567241637e-01,7.529336418745480319e-01,7.923365137682480963e-01,8.366748133817722977e-01,8.870740852831070500e-01,9.450396626887344054e-01,1.012629090117482811e+00,1.092697255666678302e+00,1.189302376597210831e+00,1.308333522063175991e+00,1.458532958360092113e+00,1.653236180760691232e+00,1.913367274615525915e+00,2.272791280793490465e+00,2.788042740505229045e+00,3.556225505536329212e+00,4.747043696999727835e+00
3.989708859353593984e-01,4.015197161765440836e-01,4.044383084551815832e-01,3.335648424309480276e-01,3.360960967550471468e-01,3.389735279832875037e-01,3.422343905615479742e-01,3.459201932981564309e-01,3.500703533024883685e-01,3.547272858361777970e-01,3.599280960059229040e-01,3.657061624218502227e-01,3.720868563288358688e-01,3.790892017206885511e-01,3.867229251734370932e-01,3.949874909603248718e-01,4.038863387402801819e-01,4.134168423162055128e-01,4.235890920253133629e-01,4.344288001196430216e-01,4.459755858941905071e-01,4.582872782114618126e-01,4.714271353594717273e-01,4.854745948370692843e-01,5.005173906959619057e-01,5.166589012845722584e-01,5.340140145430226637e-01,5.527187252606993173e-01,5.729312459266691082e-01,5.948381579424381060e-01,6.186650585568582716e-01,6.446812504194808779e-01,6.732181808802313316e-01,7.046858736080870989e-01,7.395996675024661959e-01,7.786175968961410732e-01,8.225832492260555240e-01,8.726138564489329674e-01,9.301960562911145702e-01,9.973507839063061597e-01,1.076865191900938656e+00,1.172676885762593768e+00,1.290454380830684755e+00,1.438550649581492813e+00,1.629578035895558719e+00,1.883092493101948373e+00,2.230275691726015808e+00,2.722167198973166613e+00,3.444210171495627471e+00,4.540643135794430130e+00
3.973296308518559639e-01,3.996477206363893697e-01,4.023063898544568806e-01,3.319575659972893167e-01,3.342793734780782344e-01,3.369260982657324988e-01,3.399348072641026342e-01,3.433475100808914826e-01,3.472050398833800844e-01,3.515522608126669390e-01,3.564298998155601694e-01,3.618760374253108814e-01,3.679215469013220052e-01,3.745911023010917718e-01,3.818993291479769181e-01,3.898367564807112551e-01,3.984430192336158583e-01,4.076767361051568672e-01,4.175548414156756150e-01,4.280971265197512921e-01,4.393383105763140062e-01,4.513332061707349130e-01,4.641439692219417879e-01,4.778499783225847453e-01,4.925395270825664307e-01,5.083168335323186016e-01,5.252979377239366254e-01,5.436201847323525183e-01,5.634433995209030543e-01,5.849560375612810059e-01,6.083857856011896104e-01,6.340042140037681628e-01,6.621450409965244921e-01,6.932200324637463051e-01,7.277457111278136104e-01,7.663793045001633386e-01,8.099604084833680329e-01,8.595965006452538359e-01,9.167546160899104901e-01,9.834191083198231542e-01,1.062312069075251442e+00,1.157254782307261198e+00,1.273710530067685642e+00,1.419663752866559880e+00,1.607051092741034193e+00,1.854153409536599018e+00,2.189663761953849708e+00,2.659580464779537579e+00,3.338787179647468850e+00,4.348946213014975193e+00
3.959613494370535225e-01,3.980856441978397608e-01,4.005255492914536197e-01,3.306103077068011653e-01,3.327539848634319397e-01,3.352037155320966022e-01,3.379961369557603623e-01,3.411733756280533880e-01,3.447771413072821534e-01,3.488540691923512904e-01,3.534477281465098764e-01,3.586001109805339038e-01,3.643469284435024158e-01,3.707181423481826776e-01,3.777333751784193727e-01,3.853988483200691539e-01,3.937194980168928216e-01,4.026883899577918813e-01,4.123062855879486843e-01,4.225874916847139340e-01,4.335617166279336909e-01,4.452803710797090808e-01,4.578040861100461933e-01,4.712118403800645283e-01,4.855921685279885880e-01,5.010498171565935799e-01,5.177016260724649488e-01,5.356858809937583565e-01,5.551629783465467094e-01,5.763253855868072373e-01,5.993970753239370453e-01,6.246549852162852634e-01,6.524328376533233831e-01,6.831434410057370954e-01,7.173028676839476869e-01,7.555664412745924929e-01,7.987686054666252033e-01,8.480061882474386747e-01,9.047263267878993265e-01,9.708778838249471077e-01,1.049120430965911011e+00,1.143166205339737562e+00,1.258287777668846141e+00,1.402129079818830837e+00,1.586006627254406665e+00,1.827039699836779718e+00,2.151670878940126208e+00,2.601402110083240071e+00,3.241862632690380774e+00,4.175434787484611832e+00
3.948218282605267526e-01,3.967827656631616184e-01,3.990400137454421237e-01,3.294832014566428935e-01,3.314760600513237954e-01,3.337584479752337963e-01,3.363664401126216230e-01,3.393420301155610774e-01,3.427274158101950574e-01,3.465704776789432784e-01,3.509169734656160666e-01,3.558120874750873019e-01,3.612956715154188037e-01,3.674024493881839493e-01,3.741568406443662731e-01,3.815690102120122829e-01,3.896458950385230935e-01,3.983800108191957179e-01,4.077688999894408806e-01,4.178220070581845080e-01,4.285641900978119923e-01,4.400433022864732036e-01,4.523181806144518924e-01,4.654671550463254648e-01,4.795787447159052808e-01,4.947579759208292072e-01,5.111222030801527705e-01,5.288103404610282610e-01,5.479835220523091577e-01,5.688349786198170221e-01,5.915895397729271643e-01,6.165248371017461038e-01,6.439755010398079405e-01,6.743535357035820299e-01,7.081739297775156983e-01,7.460899900646764671e-01,7.889298779333023814e-01,8.377793510645800135e-01,8.940658733578625839e-01,9.597041843481701751e-01,1.037295145894980397e+00,1.130450136920830406e+00,1.244265835992363733e+00,1.386076511743937090e+00,1.566637066116717936e+00,1.802027746924918183e+00,2.116693994331410256e+00,2.548207370153802831e+00,3.154267674976029667e+00,4.021196604889469839e+00
3.938736357517743092e-01,3.956987695215544165e-01,3.978022261450392949e-01,3.285418014841582912e-01,3.304074389411768009e-01,3.325482791096128210e-01,3.349997780469919362e-01,3.378036475175156816e-01,3.410023050528840916e-01,3.446444820055770131e-01,3.487776014491237309e-01,3.534494152174159076e-01,3.587032555830662051e-01,3.645780216752006475e-01,3.711025533022803691e-01,3.782916361974074659e-01,3.861524733316364366e-01,3.946798764364197742e-01,4.038683159101598696e-01,4.137230582065521411e-01,4.242644487487558513e-01,4.355368158665565148e-01,4.475970754757971903e-01,4.605227463366748930e-01,nan,4.893404447033667948e-01,5.054552041215104596e-01,5.228857495164382918e-01,5.417936705879741188e-01,5.623726265618836928e-01,5.848476905155247652e-01,6.094973406833473772e-01,6.366557209889674995e-01,6.667339934648067734e-01,7.002459659565782868e-01,7.378414113028183285e-01,7.803422361973489929e-01,8.288230882076986772e-01,8.846923937352532130e-01,9.498326432299620814e-01,1.026790158396035268e+00,1.119083641805791229e+00,1.231650323530883107e+00,1.371545140195587598e+00,1.549022180002317839e+00,1.779239867797079544e+00,2.084898824652071436e+00,2.500181882124497434e+00,3.076096304981386531e+00,3.885797516957419262e+00
3.930852103254781627e-01,3.947969511851837643e-01,3.967718429806292302e-01,3.277565704510858602e-01,3.295152212327920882e-01,3.315367554462431143e-01,3.338560059527768131e-01,3.365143235730112536e-01,3.395541688553722626e-01,3.430248370888069331e-01,3.469750070231079064e-01,3.514544786648766683e-01,3.565094734358798534e-01,3.621824831459888316e-01,3.685063053450023385e-01,3.754994192642518991e-01,3.831715821097898544e-01,3.915182422410116714e-01,4.005322080648167082e-01,4.102152372987140083e-01,4.205835967604112935e-01,4.316782569404566394e-01,4.435541988111806888e-01,4.562880597443451092e-01,4.699679037397256898e-01,4.846987293406871400e-01,5.005982946023782576e-01,5.178060843074508979e-01,5.364839287774738619e-01,5.568256713156221061e-01,5.790565381596066707e-01,6.034549066190434408e-01,6.303545292103678310e-01,6.601655846128562377e-01,6.933998790811931601e-01,7.307035080787066539e-01,7.728920122953507610e-01,8.210291881119993196e-01,8.765053703719890565e-01,9.411729808840035849e-01,1.017528230286229629e+00,1.109005619882258209e+00,1.220398851919147098e+00,1.358513566547098872e+00,1.533160706464177903e+00,1.758690742805822049e+00,2.056292742211173863e+00,2.457257795022609326e+00,3.006997991527838199e+00,3.767970030950945404e+00
3.924300190078858774e-01,3.940472041610691423e-01,3.959147831957776642e-01,3.271023354730576704e-01,3.287712441268947905e-01,3.306925135977086816e-01,3.329003810305163902e-01,3.354358056083688311e-01,3.383411807105743963e-01,3.416661619389028681e-01,3.454603697901603154e-01,3.497752302790012036e-01,3.546593440660544827e-01,3.601582528964235586e-01,3.663082270448775324e-01,3.731311252607105167e-01,3.806392270753675144e-01,3.888289082747495851e-01,3.976918536332639809e-01,4.072269180534203725e-01,4.174478320282764554e-01,4.283892385008880588e-01,4.401074729553937082e-01,4.526772152209507794e-01,4.661861827376516110e-01,4.807392062735889038e-01,4.964540186581177794e-01,5.134701430053271176e-01,5.319494830200189872e-01,5.520858911079122855e-01,5.741045358650718189e-01,5.982834668453930194e-01,6.249558019688310484e-01,6.545304933021193206e-01,6.875171419518493199e-01,7.245580627578618316e-01,7.664625329996379577e-01,8.142839809839733656e-01,8.693958110611488266e-01,9.336227629020291685e-01,1.009415478009052958e+00,1.100132641398821498e+00,1.210440902101561855e+00,1.346922091004112643e+00,1.519000778408486463e+00,1.740324996667741431e+00,2.030783280068027885e+00,2.419213915073955778e+00,2.946380309972007616e+00,3.666082719461403183e+00
3.918858140295448655e-01,3.934242365259134622e-01,3.952023543800171068e-01,3.265577504571449685e-01,3.281515400366310509e-01,3.299887511765552395e-01,3.321030708669037712e-01,3.345350672154379645e-01,3.373270031594063356e-01,3.405287533013466872e-01,3.441906427926855749e-01,3.483653858553193428e-01,3.531035322321454673e-01,3.584531909873509559e-01,3.644536329172088363e-01,3.711297367222401999e-01,3.784961641962386047e-01,3.865503599105429844e-01,3.952832841954221355e-01,4.046914133514250556e-01,4.147853243419334923e-01,4.255968675222757680e-01,4.371806135045063768e-01,4.496104017444885748e-01,4.629735910586913472e-01,4.773747960946916336e-01,4.929316353530691086e-01,5.097825870921967040e-01,5.280924224745837670e-01,5.480519612304478594e-01,5.698871402821127363e-01,5.938755413900300706e-01,6.203508716279378943e-01,6.497166005478561823e-01,6.824841767425888772e-01,7.192908098420710550e-01,7.609397608578225558e-01,8.084747395384876967e-01,8.632535388399461551e-01,9.270759187459821637e-01,1.002350822646424833e+00,1.092369923737375403e+00,1.201686225675280495e+00,1.336687576263782207e+00,1.506459334401454297e+00,1.724042174102746072e+00,2.008212926602775728e+00,2.385742002603497447e+00,2.893539392376679675e+00,3.578409345944112641e+00
3.914339779146714382e-01,3.929068521505675871e-01,3.946104682633479466e-01,3.261047882301627565e-01,3.276358082847289355e-01,3.294026892737947909e-01,3.314386223824304367e-01,3.337838041472722117e-01,3.364803356336817930e-01,3.395782148218002283e-01,3.431282940225968137e-01,3.471843080110845747e-01,3.517983993824946309e-01,3.570208235565538457e-01,3.628934171980765511e-01,3.694437104443166198e-01,3.766885463773623766e-01,3.846264755697160198e-01,3.932480187851206122e-01,4.025477139841088792e-01,4.125334198340731007e-01,4.232344983662160165e-01,4.347039099549478980e-01,4.470147149526341734e-01,4.602539254841124805e-01,4.745259316312437914e-01,4.899481775603578559e-01,5.066590023470174398e-01,5.248230247075226229e-01,5.446308765339245017e-01,5.663081997812985380e-01,5.901320210229183960e-01,6.164351629884017303e-01,6.456197672207213412e-01,6.781949612525198789e-01,7.147943926383633073e-01,7.562156829332863373e-01,8.034935717009077383e-01,8.579716451133179156e-01,9.214269726120302151e-01,9.962318773886538192e-01,1.085618453603615752e+00,1.194039001861832761e+00,1.327713006908136872e+00,1.495432107091815954e+00,1.709713036176436107e+00,1.988387953198268221e+00,2.356487840955213464e+00,2.847735265520014547e+00,3.503276855750602437e+00
3.910589588055292665e-01,3.924773227149621069e-01,3.941189482518401843e-01,3.257282753653618634e-01,3.272069205893586297e-01,3.289150552198961130e-01,3.308854309969811447e-01,3.331579045396493854e-01,3.357744027804027698e-01,3.387849845603240762e-01,3.422408974474807630e-01,3.461966855083964401e-01,3.507057919738245655e-01,3.558202591503934475e-01,3.615841004211761134e-01,3.680271439979623804e-01,3.751681853364627894e-01,3.830068507317597737e-01,3.915334179328712749e-01,4.007408494413925992e-01,4.106346795888257684e-01,4.212420824242227302e-01,4.326150002164567687e-01,4.448245089516871809e-01,4.579585875744290324e-01,4.721209663741636198e-01,4.874289051034584319e-01,5.040205532369864683e-01,5.220603232980434161e-01,5.417386052736846702e-01,5.632806895137050240e-01,nan,6.131175063215482668e-01,6.421449837884242173e-01,6.745523602985056266e-01,7.109699443756927195e-01,7.521901592998684327e-01,7.992395919257908599e-01,8.534490490351348546e-01,9.165753737597002182e-01,9.909585008925161365e-01,1.079777891686925395e+00,1.187398788245745962e+00,1.319893751349656474e+00,1.485800998831019681e+00,1.697190443412862182e+00,1.971091474119641918e+00,2.331076490036053439e+00,2.808233363091789947e+00,3.439125614684724663e+00
3.907477836372842406e-01,3.921208442521708082e-01,3.937109260180659542e-01,3.254154754147522421e-01,3.268504711033551335e-01,3.285096026814326442e-01,3.304252383027936890e-01,3.326369285100074236e-01,3.351864294069248906e-01,3.381238201885378714e-01,3.415006449793985266e-01,3.453720936203737435e-01,3.497926688780918503e-01,3.548158974045943492e-01,3.604876283906917056e-01,3.668396623714956784e-01,3.738925128714056245e-01,3.816468132383751821e-01,3.900927266474989996e-01,3.992219368752791819e-01,4.090380030897959318e-01,4.195661940225364206e-01,4.308571734838997913e-01,4.429813950052612914e-01,4.560265529318518474e-01,4.700961702615153448e-01,4.853073117562484162e-01,5.017979177335352148e-01,5.197321613604533042e-01,5.393001712657468083e-01,5.607268529380999844e-01,5.842880622433379578e-01,6.103148414169443647e-01,6.392064833410170399e-01,6.714686217293686088e-01,7.077277507497344855e-01,7.487717880672130066e-01,7.956200193585326597e-01,8.495918851912388492e-01,9.124263671278660670e-01,9.864348561661839820e-01,1.074751290549276428e+00,1.181665013166235401e+00,1.313121958790092636e+00,1.477442979039659265e+00,1.686317214243327145e+00,1.956095344271329806e+00,2.309128093331653808e+00,2.774327175107778487e+00,3.384533908866762086e+00
3.904896430493949300e-01,3.918250714311774519e-01,3.933723208848137753e-01,3.251557215688486990e-01,3.265543753046751263e-01,3.281726776151538960e-01,3.300426651172991277e-01,3.322036185150639698e-01,3.346971322439419860e-01,3.375732819919481931e-01,3.408838355379666396e-01,3.446844984569908954e-01,3.490306384552895325e-01,3.539770125755701824e-01,3.595710116816344670e-01,3.658461166299832312e-01,3.728243350222607555e-01,3.805072124716414317e-01,3.888848838048447054e-01,3.979479934936514529e-01,4.076984296059616431e-01,4.181598165805708867e-01,4.293816982149682993e-01,4.414339826477900464e-01,4.544041163106922188e-01,4.683954389864885548e-01,4.835248277202891520e-01,4.999300100125235180e-01,5.177749166252429980e-01,5.372493813147168895e-01,5.585779466770613988e-01,5.820358970217752725e-01,6.079534480792486706e-01,6.367292633883597786e-01,6.688654425048099483e-01,7.049873606973781071e-01,7.458781498120246045e-01,7.925506169617005936e-01,8.463141826286894043e-01,9.088921915874101920e-01,9.825712921545481926e-01,1.070445646762463454e+00,1.176739560180708244e+00,1.307289947573392119e+00,1.470232299191322367e+00,1.676932443811179230e+00,1.943168662585493589e+00,2.290270853950533425e+00,2.745350934457632341e+00,3.338222057011910326e+00
3.902755391050638512e-01,3.915797205472827391e-01,3.930913941168306946e-01,3.249400968842208193e-01,3.263085175019149187e-01,3.278928329702831546e-01,3.297247956254104051e-01,3.318434498913145902e-01,3.342902462781561224e-01,3.371152390452288872e-01,3.403703677165130226e-01,3.441117490247205812e-01,3.483954596343387666e-01,3.532772746959055854e-01,3.588058755982919124e-01,3.650161663887850905e-01,3.719314407848375859e-01,3.795540557288148986e-01,3.878741721804920273e-01,3.968815848762102805e-01,4.065767751179432676e-01,4.169819571485718357e-01,4.281457036273845218e-01,4.401374483872981247e-01,4.530444256753754506e-01,4.669698160899950490e-01,4.820303252126504345e-01,4.983634745397119703e-01,5.161329521124927711e-01,5.355283119016974736e-01,5.567737361053157752e-01,5.801439788463300662e-01,6.059672018050682452e-01,6.346443343901236878e-01,6.666735035995288161e-01,7.026773079618924278e-01,7.434356813932082586e-01,7.899557236359185941e-01,8.435381089801172738e-01,9.058925976738004815e-01,9.792844378235330272e-01,1.066773542557395427e+00,1.172528364314550986e+00,1.302292904931670492e+00,1.464044813566419467e+00,1.668876420090170010e+00,1.932084548478609332e+00,2.274146764394152420e+00,2.720686970442415031e+00,3.299048184707044307e+00
