1.504880316203675017e+00,1.532443724157575238e+00,1.564536709344472643e+00,1.582830601438148355e+00,1.636782981938681214e+00,8.261332186366333596e-01,8.290698553479735056e-01,8.314547934725196043e-01,8.334061273780608570e-01,nan,8.364233306453823236e-01,8.376634739233693727e-01,8.388223579786813211e-01,8.399595640057708756e-01,8.411264012265468049e-01,8.423688928497861106e-01,8.437292900606191415e-01,8.452486070047269262e-01,8.469709017827309339e-01,8.489315013544367350e-01,8.511861352851646245e-01,8.537855703115586614e-01,8.567904636030080345e-01,8.602718894526751869e-01,8.643129108879805678e-01,8.690113160300749762e-01,8.744841721843537030e-01,8.808716023343130530e-01,8.883427133690433575e-01,8.971030093214505952e-01,9.074042276015390485e-01,9.195570920233755441e-01,9.339487409658817629e-01,9.510663093274455138e-01,9.715299555960337230e-01,9.961384148352009360e-01,1.025934999729533947e+00,1.062303714804875954e+00,1.107111290561869188e+00,1.162379127261772505e+00,1.231763949729383301e+00,1.319705658827346362e+00,1.436715151419944991e+00,1.587612928412986735e+00,1.805431688091280185e+00,2.100621938541310296e+00,2.539969005020487725e+00,3.209631900032964502e+00,4.297267227639519405e+00,6.061300807272957947e+00
1.473068435733112524e+00,1.504738369987464131e+00,1.535444360561441401e+00,1.558652885034065960e+00,8.167152077665885690e-01,8.214793278072453075e-01,8.254002583330714016e-01,8.286080211471029688e-01,8.312317951365773006e-01,8.333943628523190483e-01,8.352076176583795863e-01,8.367733318006915777e-01,8.381781749161507644e-01,8.394979061817057220e-01,8.407994129067823952e-01,nan,8.435689603077520804e-01,8.451376504547266633e-01,8.468917158573460169e-01,8.488793287819914601e-01,8.511506050449766381e-01,8.537614661614377765e-01,8.567741862695029686e-01,8.602609921027378759e-01,8.643054656241789813e-01,8.690063583695945004e-01,8.744808716857228603e-01,8.808693952026063201e-01,8.883412559060861469e-01,8.971020431468232914e-01,9.074035872525605395e-01,9.195566310147625932e-01,nan,9.510660968029753803e-01,9.715320654188149829e-01,9.961381893222146511e-01,1.025934873761160215e+00,1.062303593154789949e+00,1.107111170903526398e+00,1.162923895136962260e+00,1.233345347156568295e+00,1.322874381433854163e+00,nan,1.593455381432911988e+00,1.806234766026735938e+00,2.105917033171883279e+00,2.544005083566825753e+00,3.209526046280152922e+00,4.293330262967431921e+00,6.099798585662847827e+00
1.430502273711072414e+00,1.466834591515254749e+00,1.499305258955924369e+00,1.527828159009423370e+00,8.091320238458826752e-01,8.152566067886615198e-01,8.203815270955122640e-01,8.246286369444811859e-01,8.281280519396624351e-01,8.310115804368356507e-01,8.334056182187076223e-01,8.354296040264310719e-01,8.371893504541605413e-01,8.387794780349163704e-01,8.402828506811103049e-01,8.417713133814418436e-01,8.433096969407485322e-01,8.449565993966341448e-01,8.467662685839673076e-01,8.487928077005781891e-01,8.510914131589836229e-01,8.537210224534322878e-01,8.567466742590079676e-01,8.602422937842388873e-01,8.642929329011765915e-01,8.689979566499510533e-01,8.744752490831806391e-01,8.808657200577880708e-01,8.883387530902356888e-01,8.971003773054527786e-01,9.074024633582750132e-01,9.195558731224924287e-01,9.339479016077932849e-01,nan,9.715295182759752235e-01,9.961380778316264450e-01,1.025934684316871293e+00,1.062303416099366737e+00,1.107110988015150399e+00,1.162923696407637930e+00,1.233345104740600995e+00,1.323556448552018816e+00,1.441209254931867800e+00,1.596111586613330413e+00,1.810164010224599052e+00,2.106897153500961295e+00,2.540055362235344116e+00,3.215182262970501803e+00,4.263605175800542213e+00,6.102344731608965844e+00
1.377087202162860180e+00,1.418252883940601450e+00,1.455943118733509678e+00,7.906607689862680255e-01,7.995255580619874403e-01,8.071879501277072766e-01,8.137218908649935800e-01,8.192267478996911878e-01,8.238209179663181780e-01,8.276336680349034580e-01,8.307992797328098700e-01,8.334520471310592482e-01,8.357051188520355778e-01,8.376823279540706046e-01,8.394819788693266283e-01,8.411939069128371305e-01,8.428976215042499609e-01,8.446649403839049386e-01,8.465622897505485911e-01,8.486507264569017606e-01,8.509931597361344302e-01,8.536537481120979320e-01,8.567001275640088176e-01,8.602109716651714644e-01,8.642719112809885695e-01,nan,8.744656352592324877e-01,8.808591924780199145e-01,8.883345143009176992e-01,8.970974974250714995e-01,9.074010499736978597e-01,9.195545688718249622e-01,9.339470016367690253e-01,9.510651030571046771e-01,9.715290612458099551e-01,9.961376337684473281e-01,1.025934415434714309e+00,1.062303144514276987e+00,1.107110685170227038e+00,1.162923399409048875e+00,1.233344751930381955e+00,1.323556009456511529e+00,1.441208672046830230e+00,1.597946583624584083e+00,1.812099038226047343e+00,2.113360827098372141e+00,2.547897711871740523e+00,3.207070528223050498e+00,4.277077890845287556e+00,6.061944364814917385e+00
1.318141549922978273e+00,1.363328907505685583e+00,1.405676827572212684e+00,7.771629226806929802e-01,7.877262541363493353e-01,7.970466927703150350e-01,8.051543031457087940e-01,8.121137564540656939e-01,8.180174785141369753e-01,8.229799385330287542e-01,8.271295550831387899e-01,8.306010259980214361e-01,8.335298587924376834e-01,8.360455530497170606e-01,8.382691557479109434e-01,8.403032203050697646e-01,8.422525709057155918e-01,8.442032908442449468e-01,8.462343417283869629e-01,8.484199325149180959e-01,8.508381287017789951e-01,8.535422930896555682e-01,8.566243366065474651e-01,8.601586493805279954e-01,8.642361465026980882e-01,8.689595519844951488e-01,8.744492839026878350e-01,8.808481875700527874e-01,8.883270577249032796e-01,8.970925532288550608e-01,9.073971961132747399e-01,9.195523327809379532e-01,9.339454612796144195e-01,9.510640381845792968e-01,9.715282877657062111e-01,9.961370672664420223e-01,1.025933920139328492e+00,1.062302725295634520e+00,1.107117902537351206e+00,1.162922947711591215e+00,1.233344246661081112e+00,nan,1.441207847557531840e+00,1.597945460220563163e+00,1.812097483955863453e+00,2.113633728621444163e+00,nan,3.218259123177500847e+00,4.267559769149676718e+00,6.084391917310430387e+00
1.255039372380977625e+00,1.303190797409474966e+00,1.349312540327640031e+00,7.614198881563482013e-01,7.736627211167045326e-01,7.846847236726014474e-01,7.944712858159338476e-01,8.030336277755499852e-01,8.104350728637655932e-01,8.167525477997464867e-01,8.221111080031388019e-01,8.266221130652284810e-01,8.304265267835182485e-01,8.336625232882046710e-01,8.364642588255378763e-01,8.389590768630913464e-01,8.412635447824393653e-01,8.434838629600168725e-01,8.457178654927023365e-01,8.480524481669853287e-01,8.505732779989538805e-01,8.533607068776660753e-01,8.564974731925160123e-01,8.600716378139295903e-01,8.641765229725432151e-01,8.689189051969083977e-01,8.744217712492136085e-01,8.808295078531190869e-01,8.883144064845623911e-01,8.970841015016632891e-01,9.073914934214172279e-01,9.195484709083654451e-01,9.339428291279401328e-01,9.510622347133574905e-01,9.715269902848973071e-01,9.961361197908188414e-01,1.025933158566503467e+00,1.062302045315673960e+00,1.107109630444144788e+00,1.162922449607884712e+00,1.233343479367527307e+00,1.323554422787222906e+00,1.441206644945020043e+00,1.597943866182050199e+00,1.812095332308517603e+00,2.113630373397040074e+00,2.553648072997852125e+00,3.223266307543020126e+00,4.287585383181215626e+00,6.050872863348081054e+00
1.189343575411804244e+00,1.239275991111842279e+00,1.288070221411521610e+00,7.435543632561432137e-01,7.573752538613778285e-01,7.700631583997094021e-01,7.815416505010659431e-01,7.917961745593712353e-01,8.008309548078896833e-01,8.086908507630640175e-01,8.154513817666457776e-01,8.212208508365681503e-01,8.261188351856328937e-01,8.302839948989094720e-01,8.338568519322155925e-01,8.369771805501677875e-01,8.397785756231112009e-01,8.423860379825393041e-01,8.449162599844283195e-01,8.474731916362900908e-01,8.501604631251180599e-01,8.530692247064360911e-01,8.562921425804557174e-01,8.599288182915048040e-01,8.640778905001634813e-01,8.688549746930142037e-01,8.743755053790148724e-01,8.807980975248658195e-01,8.882930498888607085e-01,8.970696381788564322e-01,9.073817632680364342e-01,9.195418757307286528e-01,9.339383361947933837e-01,9.510591341700019852e-01,9.715247897649306186e-01,9.961345153574691080e-01,1.025931903829828684e+00,1.062301010186861960e+00,1.107108651516838238e+00,1.162921255154211408e+00,1.233342338533974347e+00,1.323553023779741267e+00,1.441204794238356346e+00,1.597941548042011162e+00,1.812092172113673350e+00,2.113625906081423533e+00,2.553641354500240990e+00,3.223255906722361175e+00,4.292250543515858219e+00,6.083500882438459101e+00
1.122621469543757522e+00,1.173163473755671538e+00,1.223439723831516890e+00,7.237907855609392316e-01,7.390140068723674016e-01,7.532367016468880516e-01,7.663576486093572893e-01,7.783036270817903501e-01,7.890358113509278182e-01,7.985524061867705914e-01,8.068871701599037438e-01,8.141094576129294103e-01,8.203168703729272204e-01,8.256301070170396494e-01,8.301872325610929471e-01,8.341297911752062477e-01,8.376030846925699436e-01,8.407485806892233127e-01,8.437000919177825020e-01,8.465829009858794052e-01,8.495148029768608833e-01,8.526065644360767415e-01,8.559628327081617583e-01,8.596973691654461458e-01,8.639164811798871746e-01,8.687398498444458550e-01,8.742985655761923436e-01,8.807454146557388563e-01,8.882571050192278328e-01,8.970452658553471625e-01,9.073650507319557246e-01,9.195306523448858460e-01,9.339306854377641409e-01,9.510538701009889628e-01,9.715211100014403689e-01,nan,1.025929842497193212e+00,1.062299321969291110e+00,1.107107122631348917e+00,1.162919727221020771e+00,1.233340629586671344e+00,1.323551042686709867e+00,1.441216532926051563e+00,1.597938147087408112e+00,1.812087633029132450e+00,2.113619392804882313e+00,2.553631656566219377e+00,3.223240831724910382e+00,4.292225677378024962e+00,6.087377464884616174e+00
1.056317064364575176e+00,1.109905962388399336e+00,1.157009966790437661e+00,7.024270264051859503e-01,7.188235303555561284e-01,7.343951647220378076e-01,7.490133871502285823e-01,7.625686335964080298e-01,7.749793256412632614e-01,7.861960321269957364e-01,7.962055876338899330e-01,8.050327082549874058e-01,8.127367136756221688e-01,8.194102531115765586e-01,8.251692973344807447e-01,8.301502369054050146e-01,8.344985538932075952e-01,8.383670331471146930e-01,8.418966080104879346e-01,8.452376351724746328e-01,8.485242306451492578e-01,8.518863679378124720e-01,8.554432377879636062e-01,8.593277054981716123e-01,8.636558428056219094e-01,8.685571324034403462e-01,8.741719899554897255e-01,8.806580665706325028e-01,8.881972288146924299e-01,8.970042249857438366e-01,9.073372654269630244e-01,9.195116477816834832e-01,9.339176992943707400e-01,9.510449467710012650e-01,9.715148839457482532e-01,9.961320707625869186e-01,1.025926511349373182e+00,1.062296609471532038e+00,1.107104734027575921e+00,1.162917383571929530e+00,1.233338079249130859e+00,1.323548088824944458e+00,1.441198560690125419e+00,1.597933173420122754e+00,1.812080931300924957e+00,2.113610023923215842e+00,nan,3.223218998482914266e+00,4.292190038080386572e+00,6.087316040325427835e+00
9.916409278923015158e-01,1.040396987907649562e+00,1.090305357809970621e+00,6.798103445505615516e-01,6.971170445934945503e-01,7.137986019558849593e-01,7.297092807040672646e-01,7.447158914701821342e-01,7.587021118859486046e-01,7.715786412599900945e-01,7.832859088459876995e-01,7.938009715477455375e-01,8.031371065894695738e-01,8.113462022148373309e-01,8.185123845783146557e-01,8.247495517886496152e-01,8.301911469075825556e-01,8.349859867670178515e-01,8.392882626573363591e-01,8.432548373113628593e-01,8.470384190950134284e-01,8.507878110288905615e-01,8.546384276175191808e-01,8.587470940030236255e-01,8.632411546847084116e-01,8.682638504247187639e-01,8.739663283841900832e-01,8.805147864044708950e-01,nan,8.969359949174106061e-01,9.072913243517324311e-01,9.194797313579069487e-01,9.338956894855613422e-01,9.510298687466935963e-01,9.715043903025888383e-01,9.961198982599287488e-01,1.025920979128708943e+00,nan,1.107100971980613968e+00,1.162913781119069290e+00,1.233334299735316941e+00,1.323543705530483949e+00,1.441193153184607612e+00,1.597926275300732835e+00,1.812071339869683939e+00,2.113596270660855758e+00,2.553597190546280427e+00,3.223187403927997075e+00,4.292138333170828268e+00,6.087227093568239766e+00
9.295224168512277174e-01,9.762761459678079845e-01,1.024660195820776831e+00,6.563051748194732582e-01,6.742493314689980144e-01,6.917756350345312111e-01,7.087284832521564271e-01,7.249683342888821880e-01,7.403554886679845071e-01,7.547700047335289542e-01,7.681132523528254596e-01,7.803180433577061592e-01,7.913498395415776709e-01,8.012138367807879469e-01,8.099513214949048967e-01,8.176434195367853208e-01,8.243907278235617087e-01,8.303333760139781639e-01,8.356183449384250173e-01,8.404065525621173816e-01,8.448619571538389383e-01,8.491485424019278305e-01,8.534279321890956282e-01,8.578523330161864635e-01,8.625963997265112537e-01,8.677993001727292155e-01,8.736364859659261350e-01,8.802827037255929188e-01,8.879362561067762893e-01,nan,9.072128705804790583e-01,9.194263775705816544e-01,9.338588410700529030e-01,9.510045333145237256e-01,9.714867575798524779e-01,9.961072064817922955e-01,1.025911818411604726e+00,1.062285065959615693e+00,1.107094986961824512e+00,1.162908209650982627e+00,1.233328558276156395e+00,1.323537224855528383e+00,1.441185271902781340e+00,1.597916039795698184e+00,1.812057365744925264e+00,2.113576575772710520e+00,2.553647258154073008e+00,3.223141686416861607e+00,4.292063595229578254e+00,nan
8.706110596580293182e-01,9.149043389762324674e-01,9.611492652056263797e-01,6.322693847276533718e-01,6.505858412778340316e-01,6.686803158195774310e-01,6.864089779192462659e-01,7.036261930664629016e-01,7.201848834853573633e-01,7.359468793904020423e-01,7.507855175738370468e-01,7.645976784429722173e-01,7.773056223954382116e-01,7.888677827745328441e-01,7.992778445816455246e-01,8.085703312746539417e-01,8.168148292961472379e-01,8.241152087471346199e-01,8.306017903557756377e-01,8.364271994547851641e-01,8.417569410098161287e-01,8.467634377894207587e-01,8.516227495691418570e-01,8.565025897915654607e-01,8.616044620374857521e-01,8.670776941145335037e-01,8.731164418728947219e-01,8.799122128848355651e-01,8.876743137185142407e-01,8.966400671630868624e-01,9.070850674953113701e-01,9.193374436231976921e-01,9.337980687973300720e-01,9.509623484456967146e-01,9.714572771230346460e-01,9.960861596157458697e-01,1.025896657312677318e+00,1.062273581978893988e+00,1.107085457741859402e+00,1.162899648223981286e+00,1.233319924637579001e+00,1.323527618396134198e+00,1.441173672431545594e+00,1.597901145830143088e+00,1.812037163765833681e+00,2.113547936616486655e+00,2.553525561176542613e+00,3.223076279189696969e+00,4.291955336085772288e+00,6.086911643231068147e+00
8.153014085056001781e-01,8.568645224089989076e-01,9.005611175338459340e-01,6.080347218645655305e-01,6.264792937503634862e-01,6.448825817993604215e-01,6.631141413344656677e-01,6.810367672321437915e-01,6.985055225969581949e-01,7.153750213728430341e-01,7.315043610010473207e-01,7.467655166612250373e-01,7.610470432549937270e-01,7.742665306789811019e-01,7.863722964019265183e-01,7.973498633738642649e-01,8.072236083266193241e-01,8.160566411116423335e-01,8.239490088125825951e-01,8.310291164503662564e-01,8.374505468364855654e-01,8.433848208470997587e-01,8.489918185448751542e-01,8.545266266843959402e-01,8.601169673428615825e-01,8.659786700029508122e-01,8.723137088490178215e-01,8.793318015060547221e-01,8.872584048310292459e-01,8.963452661799891086e-01,9.068777361161024508e-01,9.191943280619546686e-01,9.336972969409970124e-01,9.508921599298906235e-01,9.714082676075509459e-01,9.960519548311951299e-01,1.025871643721794069e+00,1.062254738736590154e+00,1.107070220240122138e+00,1.162886233294330829e+00,1.233306781049960499e+00,1.323513299738895199e+00,1.441156674638033763e+00,1.597879346583429117e+00,1.812007883578726553e+00,2.113506547727976859e+00,2.553464244875040645e+00,3.222980687080548190e+00,4.291799994489303494e+00,6.086641678406703448e+00
7.637796707223099002e-01,8.024924140931145589e-01,8.434130521648882661e-01,5.838942361766151778e-01,6.022528842981001995e-01,6.207277903126489083e-01,6.392062311173485334e-01,6.575657094152862481e-01,6.756715209797946597e-01,6.933824998610180756e-01,7.105540789413291591e-01,7.270466871563957545e-01,7.427267777179055175e-01,7.574814954752809859e-01,7.712204436162629628e-01,7.838846727858036489e-01,7.954508526024305359e-01,8.059362865998501713e-01,8.153971781205604508e-01,8.239265885757164343e-01,8.316537386349681649e-01,8.387335631721674067e-01,8.453442482010882220e-01,8.516780576408861103e-01,8.579388550159560145e-01,8.643377395194290491e-01,8.710923297128613241e-01,8.784361333626961033e-01,8.866086400102116682e-01,8.958787528207348139e-01,9.065456545780158359e-01,9.189596507008758186e-01,9.335329343131607560e-01,9.507766536257357126e-01,9.713271503552843855e-01,9.959947932971433548e-01,1.025830466040052125e+00,1.062224008389550667e+00,1.107046018175790847e+00,1.162865255140421272e+00,1.233286740985093832e+00,1.323491969413747915e+00,1.441131680837692830e+00,1.597847724228424582e+00,1.811965501261964429e+00,2.113446779888289662e+00,2.553375790693940939e+00,3.222843081053321956e+00,4.291574123519219519e+00,6.086254610285431355e+00
7.160646812632036617e-01,7.519290511969392021e-01,7.899889440466395518e-01,5.600963986266457306e-01,5.781891171934744333e-01,5.965291548579421121e-01,6.150255762465379750e-01,6.335717600727857057e-01,6.520496303092392365e-01,6.703298372724185716e-01,6.882742938303226810e-01,7.057425621753936618e-01,7.225917325142526826e-01,7.386915156108224689e-01,7.539228174217790235e-01,7.681908957438809971e-01,7.814299201864191025e-01,7.936096778647716565e-01,8.047391668215360117e-01,8.148674447668092791e-01,8.240864984264603121e-01,8.325213239596461756e-01,8.403311400209514392e-01,8.477001844848185419e-01,8.548337090813583616e-01,8.619513946113184222e-01,8.692872190664244769e-01,8.770875584470951836e-01,8.856133125707017495e-01,8.951535824996627033e-01,nan,9.185869388728356011e-01,9.332682931520932534e-01,9.505892502330285376e-01,9.711952132573928864e-01,9.959008832651013998e-01,1.025759320076160108e+00,1.062174031636958116e+00,1.107007611377492706e+00,1.162832495870630423e+00,1.233256042775198846e+00,1.323460090893675112e+00,1.441094995054326589e+00,1.597801875621856382e+00,1.811904400903054491e+00,2.113360651486144270e+00,2.553248407200349401e+00,3.222644842125959475e+00,4.291248758778491101e+00,6.085692129847831922e+00
6.720718537726847464e-01,7.051658323002161222e-01,7.403867146011523515e-01,5.368434273499977927e-01,5.545248440287288139e-01,5.725599128012409667e-01,5.908764564434203503e-01,6.093875774790421529e-01,6.279938688963182525e-01,6.465827407056418119e-01,6.650294478123242037e-01,6.832019574689923713e-01,7.009590436148035453e-01,7.181641944765426722e-01,7.346833770687127840e-01,7.503968866655292835e-01,7.652055344245854984e-01,7.790379907054850728e-01,7.918583894474178209e-01,8.036679683724470280e-01,8.145116809494632459e-01,8.244759699175986389e-01,8.336873068990541258e-01,8.423076547522698743e-01,8.505304368571725560e-01,8.585731663539977188e-01,8.666772908248187024e-01,8.751011736116686146e-01,8.841218596513938932e-01,8.940489844325445468e-01,9.052148965336059838e-01,9.179988060720936094e-01,9.328465378142026809e-01,9.502892040683856845e-01,9.709814513930123958e-01,9.957488248506199957e-01,1.025653415542972846e+00,1.062093101813531337e+00,1.106945131093695522e+00,1.162780713384735432e+00,1.233209021282564599e+00,1.323412318794100928e+00,1.441040998257739236e+00,1.597735262157297997e+00,1.811816180806133714e+00,2.113236819674477296e+00,2.553065386049374830e+00,3.222359888458382393e+00,4.290780580880933393e+00,6.084881320302359953e+00
6.316342171957857188e-01,6.620905339351019769e-01,6.945697357249202009e-01,5.142922928210708067e-01,5.314508691067766355e-01,5.490446122564629494e-01,5.670193518095134610e-01,5.853072879243292892e-01,6.038285274550895254e-01,6.224898554278402996e-01,6.411832096447256379e-01,6.597920678716687748e-01,6.781850297557060481e-01,6.962299381457587311e-01,7.137888359195665444e-01,7.307302968298236001e-01,7.469335582938871898e-01,7.622981746194639197e-01,7.767451640350658826e-01,7.902355527265567670e-01,8.027663335367988262e-01,8.143773862281871168e-01,8.251519938254250341e-01,8.352177237189386538e-01,8.447137834965237069e-01,8.539273366527950770e-01,8.630097790779647227e-01,8.722520526679022890e-01,8.819444887225944552e-01,8.924059465341862563e-01,9.039911170648071703e-01,9.170982721624729717e-01,9.321907989655315863e-01,9.498157221088160407e-01,9.706422121579735274e-01,9.955040916192062772e-01,1.025476573050012163e+00,1.061962894726289575e+00,1.106845047450619735e+00,1.162700619684596592e+00,1.233136534507667914e+00,1.323340710924652441e+00,1.440961813614022091e+00,1.597638719568851284e+00,1.811689228121777795e+00,2.113059357214970291e+00,2.552803020341031015e+00,3.221951298253638907e+00,4.290108474235681868e+00,6.083715020502402204e+00
5.945438539807333944e-01,6.225249748341475931e-01,6.524044120322303186e-01,4.925613496386359591e-01,5.091147211510854698e-01,5.261632373728769574e-01,5.436684588278632990e-01,5.615801803191455832e-01,5.798372507614896199e-01,5.983658783143984694e-01,6.170775646641769585e-01,6.358731953949210425e-01,6.546378790124205427e-01,6.732502224145259229e-01,6.915808880085254629e-01,7.094952430623139294e-01,7.268642559888286447e-01,7.435692685887604902e-01,7.595032868816884442e-01,7.745915837192971498e-01,7.887885099759127661e-01,8.020873910316006494e-01,8.145243179551036050e-01,8.261828938599053984e-01,8.371919072562017394e-01,8.477275307793414871e-01,8.580043673584718533e-01,8.682782329799533239e-01,8.788402953978050602e-01,8.900182981864297460e-01,9.021786945965145632e-01,9.157438660595957902e-01,9.311885354533233627e-01,9.490816452540243864e-01,9.701075712810004470e-01,9.951171540119910786e-01,1.025195006113881036e+00,1.061754769493230999e+00,1.106685855777653771e+00,1.162571168764546581e+00,1.233023818752329470e+00,1.323232991838731110e+00,1.440845349599074066e+00,1.597498882930620256e+00,1.811506930553953731e+00,2.112805480646495315e+00,2.552428329907419080e+00,3.221367379079575599e+00,4.289146263473381460e+00,6.082041399292113404e+00
5.605738423363409995e-01,5.862545517315881360e-01,6.137016773229175826e-01,4.717342950498226717e-01,4.876256092165051070e-01,5.040533826185809030e-01,5.209930228112993333e-01,5.384093234811324624e-01,5.562581227655926108e-01,5.744840255738016266e-01,5.930177912198104639e-01,6.117796227095739781e-01,6.306735739501498905e-01,6.495944871199578197e-01,6.684265464387377786e-01,6.870432762903507795e-01,7.053173679065897206e-01,7.231240175040622997e-01,7.403405352670549000e-01,7.568683841484985519e-01,7.726285150867111540e-01,7.875727904355473985e-01,8.016922015261755963e-01,8.150233973143814481e-01,8.276504582295761692e-01,8.397075550108901165e-01,8.513792425050032975e-01,8.628984502263546963e-01,8.745441584922156730e-01,8.866401787433909609e-01,8.995668334236149866e-01,9.137530718908759564e-01,9.296901101885647334e-01,9.479668749894838431e-01,9.692855715895531965e-01,9.945144802060602585e-01,1.024751917296877535e+00,1.061427068396306073e+00,1.106437574580252825e+00,1.162371171206035614e+00,1.232853104141341083e+00,1.323072488834951654e+00,1.440674281493781850e+00,1.597296827273327002e+00,1.811246107582919151e+00,2.112443020350826650e+00,2.551895539730070883e+00,3.220535892787031340e+00,4.287773640318391699e+00,6.079647500704684404e+00
5.294947586251674831e-01,5.530502419300351580e-01,5.782415735411385871e-01,4.518666091728331113e-01,4.670597999988974625e-01,4.828159974556764378e-01,4.991214280790566837e-01,5.159536970434036585e-01,5.332832973383200281e-01,5.511034859270821373e-01,5.692662192712678593e-01,5.878074419365862946e-01,6.066182976431218066e-01,6.256125423219999204e-01,6.446919347795518895e-01,6.637443990715282682e-01,6.826526827597864111e-01,7.012960867035374912e-01,7.195481797179120731e-01,7.372984648277300934e-01,7.544464991286888855e-01,7.709128427628848534e-01,7.866523751594944880e-01,8.016554038940523208e-01,8.159596155841445375e-01,8.296538021372420468e-01,8.428794028534746241e-01,8.558351813807923980e-01,8.687742579782490315e-01,8.820082948137434320e-01,8.959033650359077283e-01,9.109033350845426869e-01,9.275040978412447679e-01,9.463117109936771687e-01,9.680456401878617667e-01,9.935925393766428249e-01,1.024068164957139260e+00,1.060916193973640897e+00,1.106049508504401091e+00,1.162067482060391788e+00,1.232596812703758982e+00,nan,1.440423993493263000e+00,1.597005879250952720e+00,1.810874166478969816e+00,2.111929283102389476e+00,2.551140013163006870e+00,3.219357238934822618e+00,4.285823637744000436e+00,6.076235525336375787e+00
5.010872739563353440e-01,5.226842616059296232e-01,5.457941197873338313e-01,4.329915020921956681e-01,4.474668962892227042e-01,4.625203035653933648e-01,4.781462411128141743e-01,4.943325398043806329e-01,5.110620189830871185e-01,5.283090294758409078e-01,5.460390354910488186e-01,5.642070083896605359e-01,5.827577064348737901e-01,6.016219616356969224e-01,6.207213609142501198e-01,6.399618272661260487e-01,6.592416643634771978e-01,6.784503033433840757e-01,6.974720013888987546e-01,7.161910283206519567e-01,7.344986779415880740e-01,7.522977554988657944e-01,7.695152832324703152e-01,7.861064553200807214e-01,8.020654126196560263e-01,8.174360897054643305e-01,8.323121279835533626e-01,8.468314541440816745e-01,8.612622664778376569e-01,8.758366742927400361e-01,8.909159590828369391e-01,9.069352953653542215e-01,9.244009248666416045e-01,9.439152073215543171e-01,9.662183827936035030e-01,9.922122079461184185e-01,1.023030989638785027e+00,1.060134671822763330e+00,1.105452317119743899e+00,1.161595851685253367e+00,1.232202644766429600e+00,1.322471668822261526e+00,1.440057834993703878e+00,1.596588179627004722e+00,1.810346079810497777e+00,2.111203964931099630e+00,2.550075563807043366e+00,3.217695296340334465e+00,4.283066883121607660e+00,6.071395603741480684e+00
4.751489283119563201e-01,4.949406341016546196e-01,5.161335509383024878e-01,4.156971552357899280e-01,4.288756861932743747e-01,4.432104357759878432e-01,4.581303174804786660e-01,4.736308744911696400e-01,4.897044473214914873e-01,5.063368482703449747e-01,5.235069113082942982e-01,5.411848248178688925e-01,5.593322079136064939e-01,5.778981504520953605e-01,5.968233173953186865e-01,6.160328945646521559e-01,6.354436197431416744e-01,6.549612798244052181e-01,6.744834358347236991e-01,6.939021840312614708e-01,7.131104713538793938e-01,7.320052462709017993e-01,7.504972764056874190e-01,7.685173812387544601e-01,7.860274032051731696e-01,8.030307029672174579e-01,8.195754213985598780e-01,8.357707500178120918e-01,8.517864157200045749e-01,8.678682253706765382e-01,8.843272851054690964e-01,9.015825428116014395e-01,9.201165145626392095e-01,9.405403278865324124e-01,9.635938957799332627e-01,9.901952509502556232e-01,1.021491057820664627e+00,1.058960721190572718e+00,1.104548319104704079e+00,1.160882016886001011e+00,1.231609193469873631e+00,1.321938289101677988e+00,1.439524914923665966e+00,1.595990850902605063e+00,nan,2.110189688424566778e+00,2.548586281389548791e+00,3.215365777435357675e+00,4.279193203774861232e+00,6.064566790454592571e+00
4.515071241398008195e-01,4.696217162607376205e-01,4.890477519432811504e-01,3.982743513820793946e-01,4.112978821965236897e-01,4.249110835364152128e-01,4.391127177548307947e-01,4.539054577164591264e-01,4.692886880747797473e-01,4.852571286266736394e-01,5.018004114544071248e-01,5.189014444163903006e-01,5.365364045359874989e-01,5.546707218353277291e-01,5.732628065911619109e-01,5.922566887922657841e-01,6.115882993940648937e-01,6.311821662571479585e-01,6.509530265025391671e-01,6.708071752664084286e-01,6.906474321435560615e-01,7.103738179328243918e-01,7.298956343185821760e-01,7.491292675536580514e-01,7.680158746568208628e-01,7.865285944569436749e-01,8.046775441575096943e-01,8.225274784442646592e-01,8.402040370252584767e-01,8.579030774469950105e-01,8.759020195901742190e-01,8.945672891354639056e-01,9.143806218003691644e-01,9.359211666262752249e-01,9.599279639788224072e-01,9.873219751512188891e-01,1.019260867551405880e+00,1.057235096545506847e+00,1.103205751803557622e+00,1.159816419134337639e+00,1.230727379194265891e+00,1.321154270369004902e+00,1.438754596863454083e+00,1.595141957663905208e+00,1.808556122605606831e+00,2.108775157070836404e+00,2.546516253245107997e+00,3.212124785492041390e+00,4.273788673246442293e+00,6.054995460032578158e+00
4.299853486850271356e-01,4.465516791778317840e-01,4.643438686193547271e-01,3.824357435836849839e-01,3.947402081930351803e-01,4.076328280989551245e-01,4.211143688444672351e-01,4.351915859041970980e-01,4.498658216391297482e-01,4.651410506252574573e-01,4.810142486053500255e-01,4.974784793856280585e-01,5.145219513969604419e-01,5.321240661692333562e-01,5.502588883018344479e-01,5.688878212482483265e-01,5.879651690544061005e-01,6.074346395330867399e-01,6.272295848172355637e-01,6.472743234509766852e-01,6.674847856150500913e-01,6.877784145060567011e-01,7.080643307349809845e-01,7.282598010835356073e-01,7.482966139864259958e-01,7.681297451948032595e-01,7.877417092499389151e-01,8.071617695627645306e-01,8.264735279515944555e-01,8.458266940439943538e-01,8.654531709698993769e-01,8.856746633219524378e-01,9.069386467564267695e-01,9.297928511127446782e-01,9.549590161577116154e-01,9.833466641298197475e-01,1.016114020260295847e+00,1.054760316953837318e+00,1.101256141062672667e+00,1.158256804628188918e+00,1.229435229807329888e+00,1.320013698843585992e+00,1.437650644141889922e+00,1.593945244502119385e+00,1.807101658808998534e+00,2.106821501072147829e+00,2.543664160279016873e+00,3.207655702528926067e+00,4.266309408709292761e+00,6.041686065533224514e+00
4.104546672797614870e-01,4.255759118719941725e-01,4.418507768561166227e-01,3.676045587332049114e-01,3.791977092933885851e-01,3.913768427275015060e-01,4.041432047157493268e-01,4.175048439050194071e-01,4.314658930941024373e-01,4.460344326110007307e-01,4.612133586904345051e-01,4.770033951929100735e-01,4.934022340114112004e-01,5.104007165861266238e-01,5.279861502766851622e-01,5.461350897915480118e-01,5.648185395204894377e-01,5.839982308123302657e-01,6.036263572442615022e-01,6.236461769068445404e-01,6.439917777547033984e-01,6.645965205288547617e-01,6.853823432997963039e-01,7.062743347565964003e-01,7.272049895449510526e-01,7.481233303350128816e-01,7.689963142141068575e-01,7.898284447200354386e-01,8.106707361730594030e-01,8.316325542134876958e-01,8.529011652531726106e-01,8.747567592876177578e-01,8.975826340469473807e-01,9.219136369888124571e-01,9.484257660293985426e-01,9.780061060130824657e-01,1.011802734143731675e+00,1.051306809143460086e+00,1.098492425373735371e+00,1.156022896042372627e+00,1.227575922796408481e+00,1.318379670345362298e+00,1.436085978766367344e+00,1.592274549421063945e+00,1.805097472396337999e+00,2.104150359147528793e+00,2.539776093918451050e+00,3.201555320033743879e+00,4.256063786267678672e+00,6.023352111991709279e+00
3.927944266588823674e-01,4.065606225773426008e-01,4.214188846355901852e-01,3.537730271178177177e-01,3.646642833012551654e-01,3.761387889431860310e-01,3.881986189759228933e-01,4.008517059790495662e-01,4.141032188236059008e-01,4.279633472795135729e-01,4.424387020208723764e-01,4.575353278625684528e-01,4.732577606515998569e-01,4.896063092819086249e-01,5.065784413234359906e-01,5.241635965302503530e-01,5.423473058125859447e-01,5.611070992648781175e-01,5.804132471656231473e-01,6.002270858348247584e-01,6.205019798603575998e-01,6.411891831601014280e-01,6.622273286600051101e-01,6.835560324935843202e-01,7.051160980278853296e-01,7.268608357823062027e-01,7.487525750670606106e-01,7.707835675851717472e-01,7.929822677909332818e-01,8.154299388087975498e-01,8.382737029681539553e-01,8.617519158335190665e-01,8.862048320755739894e-01,9.121073215066938245e-01,9.401089683425281063e-01,9.710589052367025742e-01,1.006070171504342303e+00,1.046623521421093717e+00,1.094680923418659635e+00,1.152900116118380724e+00,1.224957880638621877e+00,1.316077969582606366e+00,1.433900902184187753e+00,1.589969772909303858e+00,1.802367443430721972e+00,2.100541125231305539e+00,2.534538005865387245e+00,3.193326357564993057e+00,4.242191748025734732e+00,5.998383079003003715e+00
3.768972303788836187e-01,3.893879412596452094e-01,4.029176865715237699e-01,3.409374996083371356e-01,3.511328931766106165e-01,3.619117211775247367e-01,3.732750781545596253e-01,3.852298974778993745e-01,3.977810603143501211e-01,4.109391967915096422e-01,4.247126902594434150e-01,4.391107564559509346e-01,4.541426673719964890e-01,4.698152193887719652e-01,4.861341202378317017e-01,5.030975450978721897e-01,5.207073540098048348e-01,5.389505619507031220e-01,5.578144274947322012e-01,5.772773846739047698e-01,5.973126385653665382e-01,6.178846006351712550e-01,6.389559266920306069e-01,6.604815487415010011e-01,6.824168729036328429e-01,7.047259188791338280e-01,7.273764566413453148e-01,7.503588819419216849e-01,7.736918935572970613e-01,7.974377468808706571e-01,8.217163209519096068e-01,8.467301510418984156e-01,8.727770282807912894e-01,9.002838344119681313e-01,9.298616330049915835e-01,9.623027316459682456e-01,9.986890484998626194e-01,1.040467595319113592e+00,1.089575163396601321e+00,1.148651836996113396e+00,1.221359477341287025e+00,1.312904097048769092e+00,1.430899623691623379e+00,1.586837887442508421e+00,1.798699089807589635e+00,2.095730887889128535e+00,2.527578779051168567e+00,3.182386196708766324e+00,4.223667442338874700e+00,5.964836560037731772e+00
3.626604870756964805e-01,3.739511558408566971e-01,3.862316147610344585e-01,3.290898094755296821e-01,3.385963157896527131e-01,3.486878128056708492e-01,3.593646990275194408e-01,3.706326640845536424e-01,3.824955249375803779e-01,3.949631272572333152e-01,4.080440231046324473e-01,4.217492800379381568e-01,4.360891023057105742e-01,4.510762283994946831e-01,4.667216720444962719e-01,4.830314048202286603e-01,5.000168378694841431e-01,5.176759135280644131e-01,5.360096456490303085e-01,5.550112125224943016e-01,5.746685275802111414e-01,5.949689116708969383e-01,6.158881090343150122e-01,6.374012206492634114e-01,6.594811871961986371e-01,6.821069750426222988e-01,7.052585992895532563e-01,7.289333422954358266e-01,7.531499247617720050e-01,7.779632041444811685e-01,8.034783985949747187e-01,8.298705057872634017e-01,8.574056541354881933e-01,8.864738169827214298e-01,9.176255289942699678e-01,9.516204589295277350e-01,9.894867520100176783e-01,1.032630199957000006e+00,1.082944823758630104e+00,1.143040079628923067e+00,1.216544429399808225e+00,1.308628057635786934e+00,1.426859425801406234e+00,1.582653649422822273e+00,1.793847337662525909e+00,2.089419775161780013e+00,2.518478953609886162e+00,3.168064680272713041e+00,4.199325621508333661e+00,5.920476483026390291e+00
3.499795773419657197e-01,3.601493846862088843e-01,3.712549298381786489e-01,3.182213972445823713e-01,3.270465705277411095e-01,3.364584769275146270e-01,3.464586476918499747e-01,3.570510277145643729e-01,3.682385496809655878e-01,3.800296149885441510e-01,3.924317944093186350e-01,4.054558757953490855e-01,4.191129307791833791e-01,4.334178119095890014e-01,4.483852249906139509e-01,4.640266269150060130e-01,4.803603839977151346e-01,4.973935746305202521e-01,5.151379172040859711e-01,5.335992065839372245e-01,5.527797011898403223e-01,5.726824556916922937e-01,5.933004415074800697e-01,6.146267383328499756e-01,6.366524331815999194e-01,6.593743354550634095e-01,6.827872708627079623e-01,7.069021537548567657e-01,7.317458391207826152e-01,7.573751248071811659e-01,7.838900924179754703e-01,8.114520937859448502e-01,8.403042632187490701e-01,8.708047361439501532e-01,9.034642966726652569e-01,9.389967736449601476e-01,9.783795105432808725e-01,1.022968608787890643e+00,1.074605193046189067e+00,1.135850128916339852e+00,1.210281357677035041e+00,1.303015605047531000e+00,1.421545043177192991e+00,1.577173871486983625e+00,1.787548433450482088e+00,2.081285249043768548e+00,2.506792281933240663e+00,3.149659451070447425e+00,4.167921640281969431e+00,5.862900400557118807e+00
3.387669077562927566e-01,3.478828741994718365e-01,3.578865511695363821e-01,3.083195901536882610e-01,3.164732456032637864e-01,3.252147972121268160e-01,3.345471278610412935e-01,3.444748656158981293e-01,3.549998308960748972e-01,3.661291238640607126e-01,3.778687592622864688e-01,3.902281674769439435e-01,4.032177932431268430e-01,4.168528045842797014e-01,4.311486680971700625e-01,4.461229133883769515e-01,4.617961451734814426e-01,4.781823534902190920e-01,4.953024389495793156e-01,5.131721788062703071e-01,5.318058590048576617e-01,5.512206579549074892e-01,5.714231454965407186e-01,5.924246702601129178e-01,6.142331989477272103e-01,6.368633478317132779e-01,6.603273970649825575e-01,6.846522221141680964e-01,7.098781344831444073e-01,7.360710353062001055e-01,7.633346805490974774e-01,7.918270259009987377e-01,8.217792610578281698e-01,8.535285275855759579e-01,8.875549212009254951e-01,9.245332949731215333e-01,9.653954895830292315e-01,1.011437829273523770e+00,1.064449884213882758e+00,1.126928925988453845e+00,1.202385175219194302e+00,1.295854734036261169e+00,1.414729811567616125e+00,1.570159656368397938e+00,1.779535444125496024e+00,2.071009510978687462e+00,2.492081689283162316e+00,3.126485751148243786e+00,4.128245807060713979e+00,5.789752316037866997e+00
3.289113509284264936e-01,3.370496568371934565e-01,3.460257060061702195e-01,2.993651160444920634e-01,3.068611853544813695e-01,3.149438448736859297e-01,3.236189593721100488e-01,3.328927881371785413e-01,3.427676069406644377e-01,3.532497166535584210e-01,3.643436584202291439e-01,3.760570075531557976e-01,3.883985498313172746e-01,4.013823103681155580e-01,4.150236905827067724e-01,4.293414573604323881e-01,4.443589222658698712e-01,4.600947166879220118e-01,4.765763083359785268e-01,4.938261323403645986e-01,5.118695818712234447e-01,5.307345938629423054e-01,5.504410696497473721e-01,5.710147117637032199e-01,5.924795994600371429e-01,6.148666399788825787e-01,6.382060592870529847e-01,6.625417307192910110e-01,6.879298502415553962e-01,7.144501372338702971e-01,7.422174506945782291e-01,7.713903567844840881e-01,8.022019687360749662e-01,8.349766891840260108e-01,8.701757370033912364e-01,9.084436195632158428e-01,9.506714338311901269e-01,9.981053229365012269e-01,1.052476670928288449e+00,1.116208935289364712e+00,1.192733701009708991e+00,1.286987507486965665e+00,1.406225938362842154e+00,1.561399036544945051e+00,1.769570832017779427e+00,2.058306792187037715e+00,2.473967115187365451e+00,3.097960068745905460e+00,4.079276006162953827e+00,5.699046130985751191e+00
3.203043887405806478e-01,3.275439436873175958e-01,3.355684474921102334e-01,2.913300759536889273e-01,2.981881549168189371e-01,3.056276828435200432e-01,3.136588231930861337e-01,3.222909717355011416e-01,3.315283204159235053e-01,3.413775724013227153e-01,3.518425291122516119e-01,3.629290689035686857e-01,3.746438641903122035e-01,3.869988259942158115e-01,4.000077376150610320e-01,4.136889373200008380e-01,4.280664687633549126e-01,4.431615655816364963e-01,4.590057308654817980e-01,4.756273732307567670e-01,4.930594559883144656e-01,5.113392013521195212e-01,5.304969256569108671e-01,5.505711962565194018e-01,5.715997601094033875e-01,5.936286111600804771e-01,6.167042151922734750e-01,6.408871313601252062e-01,6.662504172661565249e-01,6.928893290951457784e-01,7.209324110579342637e-01,7.505482672657166621e-01,7.819751031442425671e-01,8.155354911756861336e-01,8.516806072734499633e-01,8.910350147494654482e-01,9.344581518970535017e-01,9.831530687521939926e-01,1.038793248069513231e+00,1.103731165519135526e+00,1.181306536018009723e+00,1.276337334382009026e+00,1.395913757473612016e+00,1.550742793204282322e+00,1.757480291488413116e+00,2.042968473314313194e+00,2.452186356133293277e+00,3.063693884493460029e+00,4.020357898940975616e+00,5.589550384887788326e+00
3.128345849991685523e-01,3.192562136887073798e-01,3.264094737094674348e-01,2.841768753802405567e-01,2.904230924494854982e-01,2.972409129893952562e-01,3.046457070885724150e-01,3.126513161257913342e-01,3.212653666168715505e-01,3.304952708123719551e-01,3.403489993438555405e-01,3.508278835616455149e-01,3.619378937225883330e-01,3.736883553632473487e-01,3.860905134328000421e-01,3.991607059917033351e-01,4.129219910955708173e-01,4.273962990575394527e-01,4.426172420353242098e-01,4.586172705376640457e-01,4.754349787990047038e-01,4.931146974147094242e-01,5.116956499719220730e-01,5.312263599090023547e-01,5.517568257537077692e-01,5.733453153665197810e-01,5.960534487289647076e-01,6.199566623738053117e-01,6.451444435734167149e-01,6.717270604546025092e-01,6.998493117392409202e-01,7.296925507273944733e-01,7.615040904193117743e-01,7.956131130700417886e-01,8.324669104425104216e-01,8.726796172227522241e-01,9.170884502258446203e-01,9.668614491758049656e-01,1.023621450681671652e+00,1.089651362570819071e+00,1.168192348711661221e+00,1.263933540451034121e+00,1.383776724577244766e+00,1.538134602893976854e+00,1.743183882983451838e+00,2.024906979968263965e+00,2.426638058519015928e+00,3.023586512151974492e+00,3.951378426449536629e+00,5.461162690403857489e+00
3.063896842079610328e-01,3.120746326750951649e-01,3.184366260052051145e-01,2.778583541810401014e-01,2.835253783321651233e-01,2.897493955913720276e-01,2.965508646353817723e-01,3.039494436870386340e-01,3.119573216332331422e-01,3.205866043311849656e-01,3.298436895565391436e-01,3.397339680076851276e-01,3.502610984632080204e-01,3.614320182242247714e-01,3.732549540845678804e-01,3.857431818176978444e-01,3.989172663434307209e-01,4.127993417782426233e-01,4.274195598599720980e-01,4.428163826056730201e-01,4.590310264931113382e-01,4.761131668830348995e-01,4.941090693889896301e-01,5.130754314911741831e-01,5.330718540798534688e-01,5.541674962376582636e-01,5.764363193538062369e-01,5.999672503867179429e-01,6.248642848571451802e-01,6.512527957863070149e-01,6.792926531399524626e-01,7.091709308351830110e-01,7.411746927960042308e-01,7.756097484361359484e-01,8.129429595685946364e-01,8.537811771266650140e-01,8.989480151249236162e-01,9.495849127372316678e-01,1.007271113491985171e+00,1.074225005921965570e+00,1.153591125840051079e+00,1.249920434932739743e+00,1.369905884277955677e+00,1.523630976515198743e+00,1.726721182115299902e+00,2.004173084371426050e+00,2.397434038942959145e+00,2.977879957884056239e+00,3.872882618883149775e+00,5.315167917149662635e+00
3.008580863018621154e-01,3.058872680577441883e-01,3.115384737329709997e-01,2.723190255056817666e-01,2.774452698840121911e-01,2.831091974243367670e-01,2.893367000759074492e-01,2.961530981053842604e-01,3.035761634180277890e-01,3.116227844055509122e-01,3.203029340745687792e-01,3.296241974425969112e-01,3.395902616838923915e-01,3.502065540743662386e-01,3.614784180373340483e-01,3.734154981164798381e-01,3.860349004979856113e-01,3.993555953811765424e-01,4.134070015533369835e-01,4.282278486812919338e-01,4.438616743413103527e-01,4.603619466479747513e-01,4.777803528932552668e-01,4.961800356912385301e-01,5.156281833580691476e-01,5.362032455164518208e-01,5.579890395979124618e-01,5.810860553736149070e-01,6.056108767378560742e-01,6.317023732771127609e-01,6.595343665325659188e-01,6.893162982040714759e-01,7.213206816874840888e-01,7.558953858716804808e-01,7.934993692203901050e-01,8.347428394827488551e-01,8.804414636233527380e-01,9.317171961856832718e-01,9.901131479683626946e-01,1.057788823886153917e+00,1.137797291594342619e+00,1.234544995073746376e+00,1.354506057714596423e+00,1.507407288716361426e+00,1.708261811612832748e+00,1.980979121081605232e+00,2.364907276325669550e+00,2.927180891041678112e+00,3.786101460124240869e+00,5.154273860612085478e+00
2.961353737794459873e-01,3.005845567183496603e-01,3.056036228522880371e-01,2.674971402857390657e-01,2.721253671264965424e-01,2.772683064230879180e-01,2.829567006923514594e-01,2.892213673280032982e-01,2.960859877530470086e-01,3.035730970130526840e-01,3.116976211060770718e-01,3.204707238496742328e-01,3.298979157978365051e-01,3.399843470580676263e-01,3.507332083330024775e-01,3.621505265604353374e-01,3.742490719798745036e-01,3.870439380105273330e-01,4.005617363230445371e-01,4.148400741829574856e-01,4.299233312147658359e-01,4.458673953821336022e-01,4.627279901175480048e-01,4.805732354277674201e-01,4.994764222268254783e-01,5.195230850875949269e-01,5.408053913544760283e-01,5.634332387115976726e-01,5.875337733192375067e-01,6.132574373139523249e-01,6.407900803346129326e-01,6.703544833376349210e-01,7.022347088184968111e-01,7.367900173733432645e-01,7.744869568076627742e-01,8.159400462913443119e-01,8.619610764430691852e-01,9.136578135338219164e-01,9.725436493157333384e-01,1.040724751079660892e+00,1.121166853308017020e+00,1.218136096982269878e+00,1.337879535620282834e+00,1.489747514575876952e+00,1.688105725512631938e+00,1.955683857804255910e+00,2.329588296463032560e+00,2.872415952903490055e+00,3.692847876034039967e+00,4.982387463063144395e+00
2.921200903663138115e-01,2.960616081923376219e-01,3.005237308120290440e-01,2.633271711811162596e-01,2.675027829874838114e-01,2.721676190393140793e-01,2.773568957221981268e-01,2.831049288601310554e-01,2.894425730158293741e-01,2.963978800312604411e-01,3.039916031487397419e-01,3.122398231089583143e-01,3.211514673242603091e-01,3.307329844636284211e-01,3.409866255643195232e-01,3.519161065550737710e-01,3.635275248136037307e-01,3.758333929300389786e-01,3.888554826363470052e-01,4.026288255526130344e-01,4.171972622530846775e-01,4.326178721798847326e-01,4.489492299204647652e-01,4.662632126551328193e-01,4.846379344026238156e-01,5.041642470510158125e-01,5.249412171381969694e-01,5.470862329037194938e-01,5.707350644566371312e-01,5.960478680600620471e-01,6.232205053513384385e-01,6.524870395714563731e-01,6.841427491530651661e-01,7.185557638603352615e-01,7.562021625671070391e-01,7.977007136935282405e-01,8.438617809859413343e-01,8.957823576746778427e-01,9.549504676811813031e-01,1.023424702614775583e+00,1.104088824874689845e+00,1.201071350971429252e+00,1.320392413837666368e+00,1.471017265664948948e+00,1.666639551162383048e+00,1.928765227355097922e+00,2.292167390915756275e+00,2.814746675468687620e+00,3.595332609992753170e+00,4.804145376055448224e+00
2.887193806076829294e-01,2.922200548463024794e-01,2.961956773802341125e-01,2.597423233593372238e-01,2.635116314941684523e-01,2.677433508736349332e-01,2.724757406208541122e-01,2.777472575084292128e-01,2.835939166504723996e-01,2.900496409685220378e-01,2.971413846339495124e-01,3.048910658505297189e-01,3.133123710023046904e-01,3.224146610943179336e-01,3.322007399983791798e-01,3.426723294673299502e-01,3.538314068523011890e-01,3.656853890934628204e-01,3.782508178209769145e-01,3.915589013042094502e-01,4.056516539102720809e-01,4.205862356794641821e-01,4.364230439797889272e-01,4.532367106736026052e-01,4.711089751602711151e-01,4.901349960706110620e-01,5.104190531321657343e-01,5.320845126252111701e-01,5.552740262854370945e-01,5.801554953395601233e-01,6.069327556941166435e-01,6.358504187837120680e-01,6.672111411266387071e-01,7.013934024344559148e-01,7.388795402636036957e-01,7.802931813176459119e-01,8.264440457125165063e-01,8.784201707698199302e-01,9.376872450709885509e-01,1.006260475742457805e+00,1.086946265482544804e+00,1.183742207063588570e+00,1.302441481079640306e+00,1.451627286710793108e+00,1.644317997252674024e+00,1.900777470526469504e+00,2.253422058621282531e+00,2.755446404210965206e+00,3.495921581282534607e+00,4.624358666715206567e+00
2.858488162014409251e-01,2.889693476386705484e-01,2.925232576493841385e-01,2.566767968176816295e-01,2.600863288598232459e-01,2.639294833798621620e-01,2.682492880734184681e-01,2.730865396994185956e-01,2.784816317241907702e-01,2.844738557737674367e-01,2.910962761935283472e-01,2.983770742818469546e-01,3.063357258389837190e-01,3.149857263201153446e-01,3.243321364795322403e-01,3.343759999919681536e-01,3.451160430617895569e-01,3.565545287539144126e-01,3.687022747896044339e-01,3.815855581727410906e-01,3.952434043917097961e-01,4.097320230101176297e-01,4.251127502794939117e-01,4.414621391930523275e-01,4.588646554149229950e-01,4.774187429129418958e-01,4.972327128485201087e-01,5.184345703071465694e-01,5.411723483199607498e-01,5.656198433493691002e-01,5.919882413263010124e-01,6.205287738206969328e-01,6.515517533862220656e-01,6.854422682907854725e-01,7.226902485767725537e-01,7.639212412915532546e-01,8.099447378967604694e-01,8.618404333124933814e-01,9.210534442598378169e-01,9.895586155061691924e-01,1.070089411173435812e+00,1.166517139725200103e+00,1.284418048972032711e+00,1.431998807046962474e+00,1.621610546566450983e+00,1.872295580448712693e+00,2.214150819102741696e+00,2.695783187777033074e+00,3.396883123802979743e+00,4.447473456828884508e+00
2.834327531909840436e-01,2.862274847246134568e-01,2.894183116551936608e-01,2.540675953344340710e-01,2.571601668338596158e-01,2.606600844436788855e-01,2.646116297189793354e-01,2.690579457910858285e-01,2.740429302303906134e-01,2.796105135314538304e-01,2.857994219994240970e-01,2.926440835248268479e-01,3.001702158869822834e-01,3.083970187051923162e-01,3.173318659670932851e-01,3.269778123503086498e-01,3.373310850477303502e-01,3.483893135017963605e-01,3.601573770695695731e-01,3.726558526715545994e-01,3.859208540333500803e-01,4.000034786427471012e-01,4.149684478629556139e-01,4.308924628895914877e-01,4.478620031649960809e-01,4.659779713401254742e-01,4.853517606469083256e-01,5.061149202794910096e-01,5.284190536558970308e-01,5.524455652492206159e-01,5.784054454389069289e-01,6.065598426937256482e-01,6.372234984300849669e-01,6.707871149111550579e-01,7.077449517553814351e-01,7.487249334464262107e-01,7.945349414925491072e-01,8.462462601457761968e-01,9.052843211351730979e-01,9.735855960098832584e-01,1.053815136373699390e+00,1.149723091805201491e+00,1.266678296854722996e+00,1.412524698042597393e+00,1.598968709394876120e+00,1.843874108126829947e+00,2.175107163046581249e+00,2.636914589540630516e+00,3.300209415603566843e+00,4.277198663331953199e+00
2.814042675786929126e-01,2.839212463990031798e-01,2.868013092646610196e-01,2.518558422613879078e-01,2.546723220219297423e-01,2.578712772895398464e-01,2.614975774484040172e-01,2.655959206174026144e-01,2.702128548773614636e-01,2.753961258138905022e-01,2.811894484891312440e-01,2.876331293158833069e-01,2.947592004745777094e-01,3.025927618209535153e-01,3.111457770208044260e-01,3.204234621126513805e-01,3.304212346518473065e-01,3.411329454674095207e-01,3.525577234895220791e-01,3.647100131402622458e-01,3.776211285208201374e-01,3.913395514939215225e-01,4.059293891053655234e-01,4.214680134908796449e-01,4.380433196696091880e-01,4.557580354566019842e-01,4.747258726995866041e-01,4.950810469401760172e-01,5.169782836643658230e-01,5.406024763073919992e-01,5.661685859017382416e-01,5.939418944413810131e-01,6.242414126724055157e-01,6.574622096513912384e-01,6.941001889873952280e-01,7.347855745851100684e-01,7.803231999406436969e-01,8.317754565095485386e-01,8.905484604146731709e-01,9.585421551170797416e-01,1.038355816129279408e+00,1.133625925835219705e+00,1.249523353048423768e+00,1.393547840263358761e+00,1.576792068542015146e+00,1.816005262777252494e+00,2.136953014822758679e+00,2.579823501632673377e+00,3.207502119784964023e+00,4.116298791312646088e+00
2.797047814166427893e-01,2.819860399844806853e-01,2.846014705045519788e-01,2.499876079004790252e-01,2.525654398629120778e-01,2.555027445611942061e-01,2.588444732436664397e-01,2.626362304791466373e-01,2.669264509954833997e-01,2.717658831445520784e-01,2.772024561479831117e-01,2.832817607986903297e-01,2.900418689261072824e-01,2.975139685369193043e-01,3.057153000589856728e-01,3.146543448115006192e-01,3.243269646441777621e-01,3.347242775062669318e-01,3.458401826388194933e-01,3.576829023671046492e-01,3.702784197998816307e-01,3.836719409415119131e-01,3.979267922696441695e-01,4.131192331207546586e-01,4.293393854508320007e-01,4.466908573637021762e-01,4.652890147234550744e-01,4.852702398463928923e-01,5.067912631646135369e-01,5.300399085174285485e-01,5.552337172055873404e-01,5.826410251827175424e-01,6.125839827587297171e-01,6.454597644286432789e-01,6.817663533420086353e-01,7.221335331314182593e-01,7.673625037941520510e-01,8.185061622067456577e-01,8.769514540054955676e-01,9.445632802529280170e-01,1.023877955508473159e+00,1.118424965773266999e+00,1.233189020596771934e+00,1.375346012713963839e+00,1.555414430682491300e+00,1.789101475306734024e+00,2.100231029659557880e+00,2.525282509250160956e+00,3.119936849691791636e+00,3.966596801854185284e+00
2.782834841362414879e-01,2.803654649907112439e-01,2.827565275858274219e-01,2.484143195241874380e-01,2.507872347030062898e-01,2.534987480577640673e-01,2.565935359928384063e-01,2.601176080490055775e-01,2.641206520318551410e-01,2.686556837562302236e-01,2.737740695009259206e-01,2.795259756753666891e-01,2.859550070752856499e-01,2.930982899882415005e-01,3.009794558113753626e-01,3.096085997992584771e-01,3.189855393025391450e-01,3.290989365167695246e-01,3.399382079698198278e-01,3.515055710365637687e-01,3.638214175830540853e-01,3.769271894868713724e-01,3.908845136545434085e-01,4.057694358674376889e-01,4.216725586845309071e-01,4.386985141126882315e-01,4.569637952994917152e-01,4.766056275506954099e-01,4.977842554312970069e-01,5.206874519470604534e-01,5.455354070391004173e-01,5.725984380851889544e-01,6.022006094246297181e-01,6.347405508022817555e-01,6.707166928598482514e-01,7.107574397533952260e-01,7.556594457145549004e-01,8.064655636040376496e-01,8.645436927622143219e-01,9.317247254104410459e-01,1.010485679257907554e+00,1.104255573809014956e+00,1.217845690935088099e+00,1.358127575081887306e+00,1.535091134411078251e+00,1.763483424635736707e+00,2.065357369225228723e+00,2.473852215892534012e+00,3.038282368145996060e+00,3.829077341543977830e+00
2.770966369442239285e-01,2.790106988121058285e-01,2.812122362620922411e-01,2.470928395430490865e-01,2.492907988994080837e-01,2.518087077689002418e-01,2.546907367147675516e-01,2.579829376084049608e-01,2.617357530181299574e-01,2.660038432231537908e-01,2.708412969992595176e-01,2.763021261596296796e-01,2.824348337096743156e-01,2.892820934769445018e-01,2.968730870316642068e-01,3.052224291030530279e-01,3.143322549796755405e-01,3.241905962436404387e-01,3.347832430213689703e-01,3.461068594263817522e-01,3.581762409894970189e-01,3.710287719641840454e-01,3.847240184323976186e-01,3.993374771643463661e-01,4.149599554164369319e-01,4.316966509922835482e-01,4.496649275015676128e-01,4.690030093783124077e-01,4.898722760335179616e-01,5.124617362711862967e-01,5.369929158565828198e-01,5.637373436072543598e-01,5.930201426985746149e-01,6.252404832726039530e-01,6.608963084716866776e-01,7.006137519837691841e-01,7.451841898927465957e-01,7.956400319465354309e-01,8.533303614514889945e-01,9.200533905855861061e-01,9.982303656183265650e-01,1.091195672139902761e+00,1.203599369092406723e+00,1.342034930137589344e+00,1.516004675519254663e+00,1.739382593162013046e+00,2.032625811796520576e+00,2.425900244392971583e+00,2.962964151822804482e+00,3.704058336619933556e+00
2.761068281555438819e-01,2.778797851601150226e-01,2.799217316668006217e-01,2.459853039069795355e-01,2.480346087796620747e-01,2.503874173509242351e-01,2.530872626363073752e-01,2.561799935179001619e-01,2.597164355665059210e-01,2.637523926082409598e-01,2.683440563374053234e-01,2.735485957991211636e-01,2.794187359279011740e-01,2.860021629674101562e-01,2.933333495259253798e-01,3.014315633047203180e-01,3.103018133657543531e-01,3.199323360782948544e-01,3.303061533965127028e-01,3.414149789952637959e-01,3.532682195637273925e-01,3.658990590129166387e-01,3.793648789225804729e-01,3.937402657027744279e-01,4.091162863198319899e-01,4.255976293724168524e-01,4.433030281044078591e-01,4.623711007016811925e-01,4.829640168195341032e-01,5.052714255707116964e-01,5.295157907323541080e-01,5.559692049642742662e-01,5.849571819788647042e-01,6.168787176516280502e-01,6.522305440727348413e-01,6.916358470797699942e-01,7.358801993854114931e-01,7.859853648526883285e-01,8.432820093514575843e-01,9.095371359872789219e-01,9.871195938567091099e-01,1.079275819058846508e+00,1.190507264356840400e+00,1.327152881006084195e+00,1.498271275807661063e+00,1.716950480729825701e+00,2.002220806940730125e+00,2.381631405227519593e+00,2.894133107330733701e+00,3.591373608114964533e+00
2.752822282899441975e-01,2.769368877190657718e-01,2.788448052331314320e-01,2.450588002470634463e-01,2.469823145466880920e-01,2.491949837855573224e-01,2.517396454560459906e-01,2.546617930387196638e-01,2.580123724038027033e-01,2.618479440323248086e-01,2.662262908846474430e-01,2.712071268936335211e-01,2.768467424341499727e-01,2.831972373008340704e-01,2.902979576316784827e-01,2.981727241430383035e-01,3.068297128701821253e-01,3.162579977658862007e-01,3.264386153279165148e-01,3.373589979394664429e-01,3.490235278638494920e-01,3.614612841222261674e-01,3.747272392788848494e-01,3.888950153718541136e-01,4.040554423093035141e-01,4.203133049429159107e-01,4.377876443370234405e-01,4.566174766831643805e-01,4.769654129605394033e-01,4.990215326321350009e-01,5.230086854360275206e-01,5.491990006231112220e-01,5.779182339961196346e-01,6.095640330567094756e-01,6.446323107160413235e-01,6.837420724471977573e-01,7.276729893695634832e-01,7.774361757684506991e-01,8.343444997530846674e-01,9.001353818088926317e-01,9.771287672646230549e-01,1.068489878337301580e+00,1.178584109308476791e+00,1.313519115621122557e+00,1.481953646276618519e+00,1.696271315725311313e+00,1.974239987585851397e+00,2.341120794157560692e+00,2.831737392868009184e+00,3.490530041637715630e+00
2.745958775481853187e-01,2.761515531929105149e-01,2.779471598346265337e-01,2.442849518148666466e-01,2.461023900750781979e-01,2.481965745472538842e-01,2.506096409988537443e-01,2.533866452291754223e-01,2.565784766864961375e-01,2.602421668998954329e-01,2.644366802396587168e-01,2.692238439728237842e-01,2.746626469545490612e-01,2.808092654843185043e-01,2.877073296037588879e-01,2.953849468585953986e-01,3.038535389492711403e-01,3.131034459329299358e-01,3.231143800248931774e-01,3.338701620855264451e-01,3.453706094341449928e-01,3.576408821912563929e-01,3.707335407417963746e-01,3.847211527343915027e-01,3.996941855763170293e-01,4.157573607379641545e-01,4.330298341053073208e-01,4.516508085900058922e-01,4.717831044202667745e-01,4.936169659377225294e-01,5.173753224322712452e-01,5.433301256694186288e-01,5.718066301507123139e-01,6.032018256806476186e-01,6.380082351126887819e-01,6.768424345492499716e-01,7.204774197747405573e-01,7.699138617954148778e-01,8.264475801308771574e-01,8.917882211789019964e-01,9.682104202604412402e-01,1.058805282308950879e+00,1.167813372212718193e+00,1.301134681582394759e+00,1.467070030224413069e+00,1.677374261707335501e+00,1.948709563213395946e+00,2.304346495019709451e+00,2.775583271938617980e+00,3.400841648879682211e+00
2.740250253212917486e-01,2.754980126421461284e-01,2.771996829399749895e-01,2.436394569776209329e-01,2.453677035655474625e-01,2.473620437432128005e-01,2.496639391870824898e-01,2.523179755330093865e-01,2.553748760367106074e-01,2.588919386778008036e-01,2.629289911059914941e-01,2.675494556714765881e-01,2.728147604100703005e-01,2.787843209777027820e-01,2.855056125143844437e-01,2.930106633825692031e-01,3.013140577552285704e-01,3.104076506489036325e-01,3.202703541688313171e-01,3.308829994345067749e-01,3.422413423399206511e-01,3.543668984772010977e-01,3.673098979167009337e-01,3.811418300263720305e-01,3.959527281560759615e-01,4.118471393803095348e-01,4.289441874262336918e-01,4.473831011191671259e-01,4.673267290520383699e-01,4.889652851726937755e-01,5.125215550204446080e-01,5.382670741831607764e-01,5.665263392533654851e-01,5.976949974202497851e-01,6.322633598647114939e-01,6.708438263179051786e-01,7.142035163923359242e-01,7.633329189150040994e-01,8.195117471048353197e-01,8.844238086058288095e-01,9.603020890825578748e-01,1.050169875129028929e+00,1.158155957051113516e+00,1.289973157139747473e+00,1.453603464200071249e+00,1.660249089917222642e+00,1.925601050122642377e+00,2.271212793253642115e+00,2.725382446808929604e+00,3.321517360138064756e+00
2.735505323925167542e-01,2.749545381465858807e-01,2.765777631695420791e-01,2.431016200222158585e-01,2.447550548377811497e-01,2.466654930330443862e-01,2.488737707191947535e-01,2.514240045860686168e-01,2.543666904090203795e-01,2.577592510381310209e-01,2.616621378877040938e-01,2.661400209434945929e-01,2.712563188535355718e-01,2.770731725601559559e-01,2.836413859732435649e-01,2.909964943740948606e-01,2.991560526660763109e-01,3.081135353597921900e-01,3.178474464464543514e-01,3.283361761301466508e-01,3.395719249926388850e-01,3.515728901278363794e-01,3.643871133970393306e-01,3.780850329188758518e-01,3.927562208257748266e-01,4.085049819150107231e-01,4.254503042416443725e-01,4.437313184934352783e-01,4.635107701353204934e-01,4.849787005245374538e-01,5.083575959346978701e-01,5.339184172832275310e-01,5.619847393499451949e-01,5.929507179890572965e-01,6.273042440067952974e-01,6.656538715954324337e-01,7.087606946808006070e-01,7.576056438645007995e-01,8.134533992319088469e-01,8.779639624877313420e-01,9.533323509779376703e-01,1.042520550641388599e+00,1.149557167455220741e+00,1.279988015538173318e+00,1.441513299024746120e+00,1.644849988769631288e+00,1.904844113188481902e+00,2.241571682137667221e+00,2.680786314828627059e+00,3.251723141279387885e+00
2.731563389275669107e-01,2.745028631197184432e-01,2.760606647562889870e-01,2.426538998810331416e-01,2.442447114431041955e-01,2.460848091757074640e-01,2.482144617359262895e-01,2.506773394057492110e-01,2.535236831378001598e-01,2.568109468084748270e-01,2.606000277336817939e-01,2.649565679363986015e-01,2.699456027164970351e-01,2.756315477442498607e-01,2.820680550934538955e-01,2.892937434311710354e-01,2.973288824497281602e-01,3.061685648558189476e-01,3.157911634219117691e-01,3.261730940552355351e-01,3.373034833542894462e-01,3.491975573723782311e-01,3.619013490127094834e-01,3.754843071740586180e-01,3.900355487300875001e-01,4.056591039208992111e-01,4.224737580386608848e-01,4.406184570932928368e-01,4.602557480606300766e-01,4.815754019005284436e-01,5.047995041261934546e-01,5.301983458043775244e-01,5.580944916222371210e-01,5.888805428989329904e-01,6.230419670678124522e-01,6.611835798910805639e-01,7.040607388852638815e-01,7.526454390833643426e-01,8.081884948183230000e-01,8.723281907047329975e-01,9.472252177197461043e-01,1.035786702798219272e+00,1.141951513514792849e+00,1.271118257907391191e+00,1.430738958385590287e+00,1.631106949197580702e+00,1.886336494280038911e+00,2.215237127532283523e+00,2.641409625596954580e+00,3.190619793504376744e+00
