1.358586614770396883e+00,1.427780106701383112e+00,1.493590228464407366e+00,8.031473174000481885e-01,8.148417280344771862e-01,8.235073820195826233e-01,8.295314818871508677e-01,8.334554624237098253e-01,8.358763987727222400e-01,8.373581352365716546e-01,8.383384960699159505e-01,8.391208336379120114e-01,8.398786286399992917e-01,8.407043058070688968e-01,8.416434664416200251e-01,8.427246208853994558e-01,8.439725224674984316e-01,8.454140691618130532e-01,8.470802265004936382e-01,8.490071068498220574e-01,8.512370195295139164e-01,8.538196092993849406e-01,8.568133238265613905e-01,8.602871830514569051e-01,8.643229674759448367e-01,8.690180038445319832e-01,8.744886106666368564e-01,8.808745371708782690e-01,8.883446460922282961e-01,8.971043093967852045e-01,9.074056195873607678e-01,9.195576594496353007e-01,9.339490964036115672e-01,9.510665659119238446e-01,9.715300997450698750e-01,9.961384531811315890e-01,1.025935049163975155e+00,1.062303742389633321e+00,1.107111297462346267e+00,1.162924055559210634e+00,1.233346952462451185e+00,1.323556935984818050e+00,1.441209828769985046e+00,1.597948038614319666e+00,1.812101210086371150e+00,2.113638849901539274e+00,2.553660316977989453e+00,3.223285469481584897e+00,4.292298503321992698e+00,6.087502530713580384e+00
1.267904121520515792e+00,1.344074097608281892e+00,1.414230307069249681e+00,7.828208617083913801e-01,7.988283108182687720e-01,8.116280565927675994e-01,8.213221044836430673e-01,8.282332145463271456e-01,8.328609927878288799e-01,8.357981197795101291e-01,8.376287820309914478e-01,8.388404944251024453e-01,8.397851623849087455e-01,8.406786059568688296e-01,8.416377925714164654e-01,8.427235841974410890e-01,8.439723962783669542e-01,8.454140539195489357e-01,8.470802179162009171e-01,8.490071065681741302e-01,8.512370147244741059e-01,8.538196044319192879e-01,8.568133186500459519e-01,8.602871736374737566e-01,8.643229583370626301e-01,8.690179947970716468e-01,8.744885997618351281e-01,8.808745262963609823e-01,8.883446322073961232e-01,8.971042878776694929e-01,9.074050734677622243e-01,9.195576350024514678e-01,9.339490670596898303e-01,9.510665479906006414e-01,9.715300713373290487e-01,9.961384027938459118e-01,1.025934988548251159e+00,1.062303549437603190e+00,1.107111206046383023e+00,1.162923941523262839e+00,1.233345355698076240e+00,1.323556747649455412e+00,1.441209575602335979e+00,1.597947702108317047e+00,1.812100726484252355e+00,2.113638182250459518e+00,2.553659328683920204e+00,3.223283884107463138e+00,4.292295975754580439e+00,6.087498178760194278e+00
1.161814848805280409e+00,1.242203885240787953e+00,1.319945771924930566e+00,7.569668535341824711e-01,7.770758793812684306e-01,7.941803172003121247e-01,8.081012442173537424e-01,8.188655711523081804e-01,8.267260863470836663e-01,8.321279404751962261e-01,8.356573346397133673e-01,8.379019878358222595e-01,8.393965641973116787e-01,8.405412777938591207e-01,8.415973468664191826e-01,8.427142823768354329e-01,8.439705289355775575e-01,8.454137899636018361e-01,8.470801861888983542e-01,8.490070646645525576e-01,8.512370096021996124e-01,8.538195956489954552e-01,8.568132891379757199e-01,8.602871637467748300e-01,8.643229477446640052e-01,8.690179818608347873e-01,8.744885829968407354e-01,8.808745065113358086e-01,8.883446107959317439e-01,8.971042669776341238e-01,9.074050423790316344e-01,9.195575994344509230e-01,9.339490253933389052e-01,9.510664977798376496e-01,9.715299986214462891e-01,9.961383287252798535e-01,1.025934900233536951e+00,1.062303559158827904e+00,1.107111072571364430e+00,1.162923773526443494e+00,1.233345142628298419e+00,1.323556477048807301e+00,1.441209199120821571e+00,1.597947212133685957e+00,1.812100053621031215e+00,2.113637203596870684e+00,2.553657921917811713e+00,3.223281659312643210e+00,4.292292318396527584e+00,6.087492003620524450e+00
1.054925398802398773e+00,1.135393075169401689e+00,1.216249178884161619e+00,7.263391310034100767e-01,7.499394090522154555e-01,7.710240402992112330e-01,7.892104477328806267e-01,8.042606624879677923e-01,8.161297342395467114e-01,8.249976893206409922e-01,8.312534740246433351e-01,8.354455667618085890e-01,8.381761906209308499e-01,8.400105731250167018e-01,8.413989491290310152e-01,8.426511314048075185e-01,8.439545319284029734e-01,8.454104824079152758e-01,8.470796502627407909e-01,8.490070259889344051e-01,8.512373943105341345e-01,8.538195852248225970e-01,8.568132964813928165e-01,8.602871492231718431e-01,8.643229314896901938e-01,8.690184216280788521e-01,8.744885603259463513e-01,8.808744843512588130e-01,8.883445790113965179e-01,8.971042298812067495e-01,9.074050000635714985e-01,9.195575479326887347e-01,9.339489640225869804e-01,9.510664239861863489e-01,9.715299104307872913e-01,9.961382245369531097e-01,1.025934771705688808e+00,1.062303435851117417e+00,1.107110877921392733e+00,1.162923529108769172e+00,1.233344830969508532e+00,1.323556075424425993e+00,1.441208678276468369e+00,1.597946499850774194e+00,1.812099070126307110e+00,2.113635798912014696e+00,2.553655822861664593e+00,3.223278380262974085e+00,4.292287011190158097e+00,6.087482885548278766e+00
9.516516591708231720e-01,1.029023131553693293e+00,1.109052746448601523e+00,6.920137100460120871e-01,7.182793445218874639e-01,7.426621655672630551e-01,7.646828812961734556e-01,7.839293360530469323e-01,8.001091944045027882e-01,8.131106980486666469e-01,8.230381170722240736e-01,8.302179346813437499e-01,8.351546531539421059e-01,8.384471256274372841e-01,8.406868373515087312e-01,8.423712294375502729e-01,8.438604314592533795e-01,8.453842625865622962e-01,8.470738975502171142e-01,8.490060164143568011e-01,8.512368483975493172e-01,8.538195551110723258e-01,8.568132784745364772e-01,8.602871175246991076e-01,8.643229061895376653e-01,8.690179327478614324e-01,8.744885251363413436e-01,8.808744406375482727e-01,8.883445318041393035e-01,8.971041763140945591e-01,9.074049367625073304e-01,9.195574737516716279e-01,9.339488763072253397e-01,9.510663199877747997e-01,9.715297838462013669e-01,9.961380715349017478e-01,1.025934585120897413e+00,1.062303172719055278e+00,1.107110630928691553e+00,1.162923173282320199e+00,1.233344379096612542e+00,1.323555594792525714e+00,1.441207909179500923e+00,1.597945466564471895e+00,1.812097637562509966e+00,2.113633750695103064e+00,2.553652773166815493e+00,3.223273651945132823e+00,4.292279312950508796e+00,6.087469651953513861e+00
8.549035335452040973e-01,9.271409884405568125e-01,1.003453107408997846e+00,6.551632584726697628e-01,6.832143382590192271e-01,7.100404109618624338e-01,7.351552032766859313e-01,7.580716159719729230e-01,7.783501567471412530e-01,7.956545294516056410e-01,8.098077052989507418e-01,8.208414059610426028e-01,8.290121324026267224e-01,8.347748055662838063e-01,8.387117712603264774e-01,8.414303287326394543e-01,8.434706968026457474e-01,8.452468031445690144e-01,8.470330093471879485e-01,8.489962425781314437e-01,8.512347089636952413e-01,8.538192323656726979e-01,8.568132209305479030e-01,8.602870947528685752e-01,8.643228693522251316e-01,8.690178895535685122e-01,8.744884791291346327e-01,8.808743831696985715e-01,8.883444667234645653e-01,8.971040973599522239e-01,9.074048423832182797e-01,9.195573628054881654e-01,9.339487469025435917e-01,9.510661645322330271e-01,9.715295980001615872e-01,9.961378474575623976e-01,1.025934310791150716e+00,1.062302839520190112e+00,1.107110181805459392e+00,1.162922653088372948e+00,1.233343721950966865e+00,1.323554638956143448e+00,1.441206789527239129e+00,1.597943957250137714e+00,1.812095558679862606e+00,2.113630775857465949e+00,2.553648323915877594e+00,3.223266772289717697e+00,4.292268084907890469e+00,6.087450359261959321e+00
7.662214644384189866e-01,8.322902505749224522e-01,9.031201005585820507e-01,6.168936184100757281e-01,6.459126196886203486e-01,6.743104008377833747e-01,7.016472137172811152e-01,7.274436548195456487e-01,7.512113444896129089e-01,7.724915055097468786e-01,7.909073911870313500e-01,8.062253437935252842e-01,8.184049620392014335e-01,8.276310877187327275e-01,8.343009846671390894e-01,8.389684502111220965e-01,8.422472827645591797e-01,8.447141221939097333e-01,8.468341990130531238e-01,8.489334481027493995e-01,8.512189097346190003e-01,8.538159389235527863e-01,8.568126537306303137e-01,8.602869825281143079e-01,8.643228148566193259e-01,8.690178333402031052e-01,8.744884104497453459e-01,8.808743003999965904e-01,8.883443704171598565e-01,8.971039836117986610e-01,9.074047098427598934e-01,9.195572114999468472e-01,9.339485583195480389e-01,9.510659392790451472e-01,9.715293286834202346e-01,9.961375214902274955e-01,1.025933914435736893e+00,1.062302352142859396e+00,1.107109579072408811e+00,1.162921900735010672e+00,1.233342762665450065e+00,1.323553604161179509e+00,1.441205159057306062e+00,1.597941760491444763e+00,1.812092516113660734e+00,2.113626430518196653e+00,2.553641882082792858e+00,3.223256758309549941e+00,4.292251748786900301e+00,6.087422385146897597e+00
6.861187399736584647e-01,7.457212116419638104e-01,8.102433016482829542e-01,5.781585773995399080e-01,6.074485555466415665e-01,6.366265956360328548e-01,6.653261130587351246e-01,6.931232561371358791e-01,7.195523236264895761e-01,7.441264358233307119e-01,7.663727647249732877e-01,7.858833238299894886e-01,8.023716969835632540e-01,8.157308635842877020e-01,8.260723661233460025e-01,8.337297517149691028e-01,8.392179975212408216e-01,8.431458340040677291e-01,8.461191396732291592e-01,8.486517381678110317e-01,8.511246489222055178e-01,8.537900370661997140e-01,8.568068252040759170e-01,8.602858913886576309e-01,8.643226125188495645e-01,8.690177308646807042e-01,8.744883018354744353e-01,8.808741791538056143e-01,8.883442283195042144e-01,8.971038174910637153e-01,9.074045151408558496e-01,9.195569722289942405e-01,9.339482865343655682e-01,9.510656118912917956e-01,9.715289360128029905e-01,9.961370519581344007e-01,1.025933340227477730e+00,1.062301647798149284e+00,1.107108703692307516e+00,1.162920803065611075e+00,1.233341367058806481e+00,1.323551599012174451e+00,1.441202907103373621e+00,1.597938560753186188e+00,1.812088090267366614e+00,2.113620104332480931e+00,2.553632490070056882e+00,3.223242180278160784e+00,4.292227966783746851e+00,6.087381650390052634e+00
6.144371561447845576e-01,6.677468550537537517e-01,7.258050801664046592e-01,5.397254946252173502e-01,5.687303713735873956e-01,5.980264594010957779e-01,6.273268135751628449e-01,6.562839104797586476e-01,6.844949084563767272e-01,7.115088660120179043e-01,7.368428285988628534e-01,7.600189964248841301e-01,7.806013173563243202e-01,7.982603245164249239e-01,8.128261340013344105e-01,8.243375937601314929e-01,8.330615983493686594e-01,8.394631244111743218e-01,8.441365114765653210e-01,8.477065967127856982e-01,8.507325281544596551e-01,8.536509999267534177e-01,8.567677771058886949e-01,8.602759930563844692e-01,8.643204630629551799e-01,8.690173395078737428e-01,8.744881227684315750e-01,8.808740015329736828e-01,8.883440237859775435e-01,8.971035721369176041e-01,9.074042298836373366e-01,9.195566348901332843e-01,9.339478839194711446e-01,9.510651343212468412e-01,9.715283589823923149e-01,9.961363563696049583e-01,1.025932500805034620e+00,1.062300615946439430e+00,1.107107426519549964e+00,1.162919203065287066e+00,1.233339328508847643e+00,1.323548973257721251e+00,1.441199327470013891e+00,1.597933898973662004e+00,1.812081644977439732e+00,2.113610889410586058e+00,2.553618813605405435e+00,3.223220949942548152e+00,4.292193351126242895e+00,6.087322354327246998e+00
5.506351366721761176e-01,5.980880149489339326e-01,6.499395988006354541e-01,5.021799271581303126e-01,5.304792616893113655e-01,5.593719631636038248e-01,5.886461247475042180e-01,6.180334894697928627e-01,6.472086998426820337e-01,6.757898193674022336e-01,7.033404167610315394e-01,7.293906268801036985e-01,7.534556998163107755e-01,7.750850924334662384e-01,7.939096130655708405e-01,8.097031526258146039e-01,8.224352294021440857e-01,8.323017949649332836e-01,8.397123710549462272e-01,8.452346564526423967e-01,8.495025322470511897e-01,8.531143305090442830e-01,8.565650622187790386e-01,8.602119769719559494e-01,8.643041787681521315e-01,8.690137694596079543e-01,8.744873815850789933e-01,8.808736884928041189e-01,8.883437192657411829e-01,8.971032226270568843e-01,9.074038128655166346e-01,9.195561451756069093e-01,9.339472980247297551e-01,9.510644398761252116e-01,9.715275296310894593e-01,9.961353690192189525e-01,1.025931277069720871e+00,1.062299115017949713e+00,1.107105569002244216e+00,1.162916872984916417e+00,1.233336366392500549e+00,1.323545143626233767e+00,1.441194291341166611e+00,1.597927122677094358e+00,1.812072259326896084e+00,2.113598043867916942e+00,2.553598896111547667e+00,3.223190035090842009e+00,4.292142916990365542e+00,6.087235975888766859e+00
4.939930421811233319e-01,5.361435752151862966e-01,5.822663236537605203e-01,4.659457928776124525e-01,4.932370986837287252e-01,5.213379468664458560e-01,5.500995039844822632e-01,5.793260178030413821e-01,6.087692571212972581e-01,6.381265513201459516e-01,6.670346105669443526e-01,6.950796100942990829e-01,7.217987894402904114e-01,7.467148163461232446e-01,7.693627241709042330e-01,7.893432316415478489e-01,8.063805353615099980e-01,8.203785746353109420e-01,8.314614414053458358e-01,8.399774171498257669e-01,8.464594922798694965e-01,8.515376248684111138e-01,8.558447837126141877e-01,8.599281469295584346e-01,8.642079462320237937e-01,8.689868747982937291e-01,8.744811339563490771e-01,8.808723629309814784e-01,8.883431564941834946e-01,8.971026979184851813e-01,9.074032106227721828e-01,9.195554303730861800e-01,9.339464489393226598e-01,9.510634281523941969e-01,9.715263184563125431e-01,9.961338858738407742e-01,1.025929500411926210e+00,1.062296929829751102e+00,1.107102862888780681e+00,1.162913491921422793e+00,1.233332062001342155e+00,1.323539576124827644e+00,1.441186962599417809e+00,1.597917250093582986e+00,1.812058593976343834e+00,2.113577944630744110e+00,2.553570281430941336e+00,3.223145016311280919e+00,4.292069493389043977e+00,6.087110193552958570e+00
4.437450936640673360e-01,4.811717391057342419e-01,5.221336124624152975e-01,4.313135626234902431e-01,4.573923710081170824e-01,4.844259092411478118e-01,5.123166982399262048e-01,5.409295935249947007e-01,5.700855066916460379e-01,5.995576788731601381e-01,6.290621669466179844e-01,6.582613253473539316e-01,6.867548781120135226e-01,7.141027118101557214e-01,7.398299457069891227e-01,7.634667697259100994e-01,7.845908238010560476e-01,8.028830436297339501e-01,8.181873876423225722e-01,8.305587761536432634e-01,8.402795177710580266e-01,8.478366272227669809e-01,8.538497326333359672e-01,8.589668555586136289e-01,8.638095215819676653e-01,8.688452062615403815e-01,8.744388395012535620e-01,8.808616838678636762e-01,8.883405809628865946e-01,8.971016866813141810e-01,9.074023022043464781e-01,9.195543889767360257e-01,9.339452136676007488e-01,9.510619484615171482e-01,9.715245496774974621e-01,9.961317503385709315e-01,1.025926902516556494e+00,1.062293749073018434e+00,1.107098911101238148e+00,1.162908538471078002e+00,1.233325785210829917e+00,1.323531472705933520e+00,1.441176279983114261e+00,1.597902867563922191e+00,1.812038667815060622e+00,2.113549504067744778e+00,2.553527663696178784e+00,3.223079442576984643e+00,4.291962572576952795e+00,6.086927019865919775e+00
3.991437784441551617e-01,4.324054445341504738e-01,4.687853883379707320e-01,3.984673794290997662e-01,4.232066897417358087e-01,4.489897085255961651e-01,4.757598213098192530e-01,5.034299858898636515e-01,5.318789784212270000e-01,5.609460846442166915e-01,5.904214672337941838e-01,6.200456978269776043e-01,6.494970671730181389e-01,6.784040051088203738e-01,7.063383592857418458e-01,7.328388001535368623e-01,7.574349336407949496e-01,7.796876108301864505e-01,7.992427659184625499e-01,8.158907927538968652e-01,8.296194260182494506e-01,8.406446734391915809e-01,8.494006323342961906e-01,8.564856274987874274e-01,8.625712269587590963e-01,8.683039690647220699e-01,8.742341692960573507e-01,8.807964608095518733e-01,8.883229822339390180e-01,8.970972626315710796e-01,9.074004850975468939e-01,9.195528098368908054e-01,9.339434124896234257e-01,9.510598073939614538e-01,9.715219720072562071e-01,9.961286461537740555e-01,1.025923127071496577e+00,1.062289116658468036e+00,1.107093181346645583e+00,1.162901367551711029e+00,1.233316642137802122e+00,1.323519664947068408e+00,1.441160738952846243e+00,1.597881924666958442e+00,1.812009690578369803e+00,2.113508057008918861e+00,2.553466150162877923e+00,3.222984003675639197e+00,4.291806881579768529e+00,6.086666359717201935e+00
3.595059842380813331e-01,3.891125358558480407e-01,4.214585173832739451e-01,3.675096264586955042e-01,3.908417111653552656e-01,4.152639699706445753e-01,4.407504430076003010e-01,4.672519325757000797e-01,4.946930005646905659e-01,5.229673043240691266e-01,5.519283512272378234e-01,5.813882900610507498e-01,6.111023946401313856e-01,6.407773342911307068e-01,6.700611490553073368e-01,6.985452818204598291e-01,7.257833184826260053e-01,7.513097300079258911e-01,7.746760350977102139e-01,7.955000683224662250e-01,8.135267674377935077e-01,8.286807256287851420e-01,8.411112427390543544e-01,8.511962701407141951e-01,8.595033709362346341e-01,8.667100858495182525e-01,8.735038088523726652e-01,8.805058226664030929e-01,8.882244255032748503e-01,8.970696160380949857e-01,9.073925661028052758e-01,9.195495596593178389e-01,9.339406525667096615e-01,9.510566691398182337e-01,9.715182266282745838e-01,9.961241228733410669e-01,1.025917624251118099e+00,1.062282370957530642e+00,1.107084828352709049e+00,1.162890871056344810e+00,1.233303336022061769e+00,1.323502474516766503e+00,1.441138101739709132e+00,1.597851455782138830e+00,1.811967509226478867e+00,2.113447774275335700e+00,2.553376609272524966e+00,3.222845014716321455e+00,4.291580170851305276e+00,6.086271937663521037e+00
3.242212672018439656e-01,3.506266080859347101e-01,3.794353132421282027e-01,3.384812838952934166e-01,3.603810029591508202e-01,3.833892902126261326e-01,4.074972693463363993e-01,4.326863761646188578e-01,4.589165977966783716e-01,4.861237495270706033e-01,5.142138319299047744e-01,5.430577148446346092e-01,5.724813578995143759e-01,6.022655682513541331e-01,6.321381512114114809e-01,6.617662668377067847e-01,6.907667538368787996e-01,7.187101334547145726e-01,7.451407577237975088e-01,7.696050518614859781e-01,7.917044326220018524e-01,8.111418492939851399e-01,8.277888994740086881e-01,8.417289930754991989e-01,8.532812115563567223e-01,8.629754520673985629e-01,8.714865726191398654e-01,8.795392427745953867e-01,8.878188914892268802e-01,8.969259773451193629e-01,9.073478829751402408e-01,9.195362479393512922e-01,9.339348772920311736e-01,9.510518367467132306e-01,9.715127415538952205e-01,9.961175341549718398e-01,1.025909618557431457e+00,1.062272536219039054e+00,1.107072658408417398e+00,1.162875615383850203e+00,1.233283946810190601e+00,1.323477438680317864e+00,1.441105110079512253e+00,1.597807026573691891e+00,1.811906068537482817e+00,2.113359946622056285e+00,2.553246180241230512e+00,3.222642594433902108e+00,4.291249996741272277e+00,6.085706438032493892e+00
2.927551840251181869e-01,3.163560695787820398e-01,3.420673069081135997e-01,3.113768821706617285e-01,3.318570259116374044e-01,3.534354312419506483e-01,3.761216863968858126e-01,3.999192608290350059e-01,4.248114569979806188e-01,4.507701593760003456e-01,4.777404576457929264e-01,5.056407715977141448e-01,5.343566199086668966e-01,5.637323130932518911e-01,5.935698724085392008e-01,6.236148766165748869e-01,6.535620120736282956e-01,6.830525970381955414e-01,7.116716064750739923e-01,7.389808979023615443e-01,7.645331942937318992e-01,7.879135685334212047e-01,8.087963828796984611e-01,8.270048931011459992e-01,8.425625114008921113e-01,8.557292910240045236e-01,8.669924473923554809e-01,8.770164388721888304e-01,8.865565941569041319e-01,8.963659328132642656e-01,9.071345797314062098e-01,9.194652530189492134e-01,9.339122291441745993e-01,9.510416359061044655e-01,9.715042185269922026e-01,9.961078677988670638e-01,1.025897954190744032e+00,1.062258248748638279e+00,1.107054947837942560e+00,1.162853401831527522e+00,1.233255732761363133e+00,1.323440990029530973e+00,1.441057145891547764e+00,1.597742326463225337e+00,1.811816604998528035e+00,2.113232077377212192e+00,2.553056355236202446e+00,3.222347899909893787e+00,4.290769301512073142e+00,6.084882911939066830e+00
2.646457822053867592e-01,2.857850572095342878e-01,3.087823333751407162e-01,2.861633165284241942e-01,3.052547643859609416e-01,3.254194960855604224e-01,3.466789335026825847e-01,3.690515553074750210e-01,3.925404458158286980e-01,4.171417216401565042e-01,4.428311010984719576e-01,4.695645222220805048e-01,4.972728883781269427e-01,5.258546074513337221e-01,5.551744591827072473e-01,5.850491520796731182e-01,6.152502464892348755e-01,6.454956988519084948e-01,6.754488765135231443e-01,7.047232728650603129e-01,7.328957774885067611e-01,7.595264964995882551e-01,7.841979035275399301e-01,8.065630313218157266e-01,8.264041484671137416e-01,8.436944222001901972e-01,8.586344874636692159e-01,8.716682044589537659e-01,8.834427727917270046e-01,8.947403398726330170e-01,9.063827311994878677e-01,9.191612515332349131e-01,9.338044940461158738e-01,9.510039934094851599e-01,9.714863219115007498e-01,9.960927933558604286e-01,1.025880815414951686e+00,1.062237409775032004e+00,1.107029149084548747e+00,1.162821083726663263e+00,1.233214647164919908e+00,1.323387932261272937e+00,1.440987299668084365e+00,1.597648293632936811e+00,1.811686381257920031e+00,2.113045960943757962e+00,2.552779999787462284e+00,3.221918946526285410e+00,4.290069695584199927e+00,6.083685218941770501e+00
2.394997704102009572e-01,2.584691077222414091e-01,2.790826800263043195e-01,2.627802688645547446e-01,2.805318101500514083e-01,2.993204479764491888e-01,3.191756419686112012e-01,3.401262906488841109e-01,3.621900462433901846e-01,3.853803107026561037e-01,4.096956649546738549e-01,4.351203756137013712e-01,4.616202740604143928e-01,4.891363870888798537e-01,5.175842969752468825e-01,5.468406081806281849e-01,5.767450383697902971e-01,6.070906278216290364e-01,6.376193067269787518e-01,6.680202705524221907e-01,6.979334421859443305e-01,7.269556383284803136e-01,7.546628143785112375e-01,7.806401663706878935e-01,8.045284454456238521e-01,8.260831240623375260e-01,8.452280332763564275e-01,8.621155840851463248e-01,8.771431515887779806e-01,8.909436754864877850e-01,9.043177526639630814e-01,9.181605481283716674e-01,9.333760567062809876e-01,9.508406746415127841e-01,9.714247643765882012e-01,9.960615572038410415e-01,1.025854002622098804e+00,1.062206799118441403e+00,1.106991581132077851e+00,1.162774038659051712e+00,1.233154859194164565e+00,1.323310683275040089e+00,1.440885620247716270e+00,1.597511330931790319e+00,1.811496851259271734e+00,2.112775061570041579e+00,2.552377720924294380e+00,3.221294505011769616e+00,4.289051297047536515e+00,6.081939227933149006e+00
2.169921012510142855e-01,2.340317784936927770e-01,2.525412710010259687e-01,2.411546409859225137e-01,2.576256325254608903e-01,2.750904023162660250e-01,2.935832852262228454e-01,3.131408566246180469e-01,3.337900411498787023e-01,3.555570004148850272e-01,3.784568192684655275e-01,4.024946195435518681e-01,4.276623472201296350e-01,4.539340478150720726e-01,4.812644319068187237e-01,5.095782881692100252e-01,5.387718476812718427e-01,5.687033176394278300e-01,5.991875930086955071e-01,6.299913304656000745e-01,6.608319360785752661e-01,6.913746445233936999e-01,7.212428447723723268e-01,7.500325505021775419e-01,7.773392089290499518e-01,8.028027212447367278e-01,8.261565030438142720e-01,8.472931201034499260e-01,8.663203515702696533e-01,8.835973399466915401e-01,8.997387851344105236e-01,9.155692533509454112e-01,9.320632915014959163e-01,9.502479165768469294e-01,9.711832959219439676e-01,9.959622757102567503e-01,1.025799673423584801e+00,1.062158826151772040e+00,1.106936266168201399e+00,1.162705504650744848e+00,1.233067882452895780e+00,1.323198349697117804e+00,1.440737714609404252e+00,1.597312088428254562e+00,1.811221107926289431e+00,2.112380924959251782e+00,2.551792502281892805e+00,3.220385763181116356e+00,4.287569265577054090e+00,6.079399709905008109e+00
1.968673896649108801e-01,2.121649909309011872e-01,2.287984789706652700e-01,2.212072560765885876e-01,2.364613061155275697e-01,2.526633270721084790e-01,2.698496036766959150e-01,2.880602678082738177e-01,3.073289817946220359e-01,3.276904749358128255e-01,3.491715148406603908e-01,3.717928987206124969e-01,3.955639307042869701e-01,4.204847563446409975e-01,4.465395362599506313e-01,4.736902327541055446e-01,5.018779069265536519e-01,5.310141408338759916e-01,5.609757472764467234e-01,5.915997826495008605e-01,6.226770333974355198e-01,6.539574107429594330e-01,6.851319097604807729e-01,7.158518940109357409e-01,7.457392308309573892e-01,7.744117726334439622e-01,8.015118641798050225e-01,8.267679816322582864e-01,8.500513001713179140e-01,8.714360804437426555e-01,8.912541413643295662e-01,9.101078772874783285e-01,9.288525010056719600e-01,9.485458270570764627e-01,9.703717367585951159e-01,9.956072151904543643e-01,1.025640868812673689e+00,1.062064473773071560e+00,1.106849617349298542e+00,1.162604661819691243e+00,1.232941175246343279e+00,1.323034924866846263e+00,1.440522541998222827e+00,1.597022303038297730e+00,1.810820028847391683e+00,2.111807692282553717e+00,2.550941362510339872e+00,3.219064587323399618e+00,4.285413982193921889e+00,6.075705559277425394e+00
1.789362256620301572e-01,1.926296425331663342e-01,2.075629247841243585e-01,2.028615466972720771e-01,2.169602050381384817e-01,2.319629782019864694e-01,2.479063862281119801e-01,2.648276159452486178e-01,2.827662393320733991e-01,3.017615880844621845e-01,3.218483979729784838e-01,3.430579780245155419e-01,3.654135255002007865e-01,3.889327096952471807e-01,4.136219632585991235e-01,4.394697395991442601e-01,4.664565594664468740e-01,4.945300494910749300e-01,5.236200632281705625e-01,5.536218077773075175e-01,5.843961772072198135e-01,6.157588650888465853e-01,6.474865035269036229e-01,6.793025509556441799e-01,7.108928386124742094e-01,7.419112266778661313e-01,7.719962731884235652e-01,8.008125032581845382e-01,8.280931019203698895e-01,8.537018507858519234e-01,8.776970790059773764e-01,9.003902966652941320e-01,9.224014916434981615e-01,9.446137393211362365e-01,9.681919005407342294e-01,9.945109640815543717e-01,1.025125718334081615e+00,1.061811685840116981e+00,1.106683398684070951e+00,1.162447857382012506e+00,1.232754844972549613e+00,1.322797073263584755e+00,1.440209824093732438e+00,1.596601106496070788e+00,1.810237110896425916e+00,2.110974412467173877e+00,2.549704036201393187e+00,3.217143680314135334e+00,4.282279655272298591e+00,6.070333836194381050e+00
1.630601610397855450e-01,1.752495749949559145e-01,1.886110568140531296e-01,1.860556999133211598e-01,1.989855938639221444e-01,2.129103125146659670e-01,2.276745205589102428e-01,2.433718621204165600e-01,2.600413555407946609e-01,2.777246969406206301e-01,2.964615230518591882e-01,3.162902100922804771e-01,3.372435832547728829e-01,3.593518451439082773e-01,3.826363582180819511e-01,4.071095937322433689e-01,4.327742487882082489e-01,4.596113638409096702e-01,4.875895931487856938e-01,5.166507402947034810e-01,5.467105770461142544e-01,5.776531139703455775e-01,6.093212212992226151e-01,6.415166776742752264e-01,6.740015840218884779e-01,7.064977118863670080e-01,7.386912872579016742e-01,7.702610594563715773e-01,8.008925873904878534e-01,8.303460990639736083e-01,8.584937223542887796e-01,8.853999692617515738e-01,9.113803890132916585e-01,9.370630087944666897e-01,9.634210516291626947e-01,9.917483462076885914e-01,1.023657025349882232e+00,1.061068377640952853e+00,1.106283580639683572e+00,1.162158801436795397e+00,1.232466642440676496e+00,1.322447588421704179e+00,1.439754981177687299e+00,1.595989372987228982e+00,1.809390637662200430e+00,2.109764521224768874e+00,2.547907287362827233e+00,3.214353782448822194e+00,4.277727182694787800e+00,6.062528601260312122e+00
1.491260092053021680e-01,1.598934906769711173e-01,1.717781926428994244e-01,1.707469210520837499e-01,1.826620016081723641e-01,1.954337469638459113e-01,2.090769828568098399e-01,2.236151263290910574e-01,2.390816012584947303e-01,2.555164375542546273e-01,2.729609828492794987e-01,2.914576947806741258e-01,3.110459265748944935e-01,3.317641690288258838e-01,3.536453626798624073e-01,3.767167949559470097e-01,4.010000572291673726e-01,4.264993696907179999e-01,4.532141139198633262e-01,4.811205138239390000e-01,5.101794514874294917e-01,5.403270860144218091e-01,5.714663536568359570e-01,6.034678970729844272e-01,6.361681258052899191e-01,6.693652767839540774e-01,7.028168602220505878e-01,7.362553720537426960e-01,7.693989309142525990e-01,8.019810407783651840e-01,8.337927884533833378e-01,8.647408125574015392e-01,8.949158169036587340e-01,9.246607827593361639e-01,9.546709778255886292e-01,9.860148490639233376e-01,1.020185766527277771e+00,1.059112951296702576e+00,1.105212673439137649e+00,1.161517869329993013e+00,1.231961866029768871e+00,1.321912315650648262e+00,1.439088267966982748e+00,1.595100881646200008e+00,1.808162775989957671e+00,2.108009662197542156e+00,2.545300882989847580e+00,3.210306744305952087e+00,4.271121793308270576e+00,6.051199402290516893e+00
1.370194212071183804e-01,1.464486123574068877e-01,1.569382456894204692e-01,1.569156014549375200e-01,1.677698975786364177e-01,1.794785593439371385e-01,1.920450997954665506e-01,2.054809571054230233e-01,2.198091606836234113e-01,2.350629522946389438e-01,2.512811532641036627e-01,2.685070317252385430e-01,2.867834742094768630e-01,3.061544608821140656e-01,3.266607263355256752e-01,3.483398919939914018e-01,3.712267953662118369e-01,3.953432940315331212e-01,4.207102273655000113e-01,4.473312517564317359e-01,4.752005681309782736e-01,5.042954181952634674e-01,5.345661774969385771e-01,5.659421410863528790e-01,5.983243754786586877e-01,6.315829356736301081e-01,6.655511160472327159e-01,7.000343611682193767e-01,7.348127651448194131e-01,7.696577631362551131e-01,8.043583958453593974e-01,8.387623207024139660e-01,8.728279040626110152e-01,9.067046429692174891e-01,9.408165818302844929e-01,9.759532287858720956e-01,1.013350921755339806e+00,1.054781343100588131e+00,1.102617572905287835e+00,1.159968939167181468e+00,1.230922407109722672e+00,1.321011286324754952e+00,1.438079571394501599e+00,1.593802613014053238e+00,1.806382790359929436e+00,2.105468834317013371e+00,2.541527542222245639e+00,3.204446181440617103e+00,4.261553956665773413e+00,6.034780015198331071e+00
1.266086168507561949e-01,1.347962929641515761e-01,1.439772093620654003e-01,1.445482437478487203e-01,1.543511317393384541e-01,1.650112950209402518e-01,1.765277419049030849e-01,1.889035776760927821e-01,2.021493136202525964e-01,2.162869356815414201e-01,2.313475638887639851e-01,2.473709708663090756e-01,2.644001300131869625e-01,2.824817262986799027e-01,3.016614080437325374e-01,3.219837461919123900e-01,3.434927629158460172e-01,3.662242221911817808e-01,3.902103630451613236e-01,4.154790256169996754e-01,4.420478484677156095e-01,4.699250969985203086e-01,4.990982275085706910e-01,5.295427174466290632e-01,5.612127730082550059e-01,5.940406442847226964e-01,6.279268925913572552e-01,6.627521230747718262e-01,6.983698265110060976e-01,7.346171059611544818e-01,7.713301191361078279e-01,8.083703154554451320e-01,8.456585175376097885e-01,8.832429257477221185e-01,9.213714444005118853e-01,9.605931825030813442e-01,1.001864758008796263e+00,1.046686055711395724e+00,1.097232238094880019e+00,1.156518921300788483e+00,1.228658579823207697e+00,1.319303638868661199e+00,1.436442499777377479e+00,1.591862815109683194e+00,1.803793466550345448e+00,2.101795033331340878e+00,2.536078305990669524e+00,3.195981922225628935e+00,4.247729287280407107e+00,6.011038350623537418e+00
1.177403727019649404e-01,1.247989005770153842e-01,1.327714867779942742e-01,1.336194654584145214e-01,1.423886040322872026e-01,1.520107970397543695e-01,1.624925611732751796e-01,1.738345613032006021e-01,1.860388762103440674e-01,1.991154650051225605e-01,2.130837793483702780e-01,2.279749447235929205e-01,2.438276021319933928e-01,2.606880717455745677e-01,2.786030264567624370e-01,2.976231418775081572e-01,3.177961168223709110e-01,3.391680737684517055e-01,3.617821062427770129e-01,3.856800535366089466e-01,4.108976711313165886e-01,4.374659122958192148e-01,4.654008898444871867e-01,4.947127205715471931e-01,5.253975261880798886e-01,5.574372688091513428e-01,5.907905669225522738e-01,6.254032359618441061e-01,6.611998623492227889e-01,6.980897024807103390e-01,7.359773401721887431e-01,7.747787887252910455e-01,8.144391298373351296e-01,8.549899499359429056e-01,8.966014235726332826e-01,9.396750434632746840e-01,9.849487008867707782e-01,1.033652941218861088e+00,1.087685572704243153e+00,1.149824664934896656e+00,1.224034769115992738e+00,1.315934821130345211e+00,1.433573415858551803e+00,1.588828409076184167e+00,1.799976667874873204e+00,2.096484505603152915e+00,2.528232426055708970e+00,3.183801543272966050e+00,4.227825514124748274e+00,5.976821746590353257e+00
1.102464407447514838e-01,1.162989269850669000e-01,1.231779154926725961e-01,1.240788235431629916e-01,1.318488289031819749e-01,1.404551884540951867e-01,1.499160965977900939e-01,1.602416790949516556e-01,1.714309823341644556e-01,1.834872948762348854e-01,1.964184532388090765e-01,2.102433815654863591e-01,2.249915134114960080e-01,2.407038505187720778e-01,2.574266174014905317e-01,2.752095818245127168e-01,2.941058772521494835e-01,3.141684666261693737e-01,3.354460841061633336e-01,3.579911123873718015e-01,3.818521863039646691e-01,4.070766541300921415e-01,4.337017339924432724e-01,4.617637590936815584e-01,4.912893447309240602e-01,5.223000295426090123e-01,5.548011279978782850e-01,5.887913381463922846e-01,6.242563725966672195e-01,6.611738706866200355e-01,6.995183712696663170e-01,7.392742287305442694e-01,7.804442146218701915e-01,8.230947140366380310e-01,8.673929322706586120e-01,9.136858154200218074e-01,9.625870389253753379e-01,1.015134784077042607e+00,1.072967499066929342e+00,1.138578814604466638e+00,1.215666346585979163e+00,1.309637971710832405e+00,1.428427502232855861e+00,1.583871757458149121e+00,1.794211197894531207e+00,2.088768282619034355e+00,2.516975079056470221e+00,3.166366565433221592e+00,4.199320070295214258e+00,5.927750529876345986e+00
1.039541768659567184e-01,1.091267028761307017e-01,1.150352716063309105e-01,1.158441404697327232e-01,1.226723783392603961e-01,1.303033450942696903e-01,1.387721836567899769e-01,1.480983125942315626e-01,1.582917766756868072e-01,1.693556411812469908e-01,1.812911948028731457e-01,1.941059524079375431e-01,2.078170222967700986e-01,2.224553368330672576e-01,2.380613218610796444e-01,2.546829746668392569e-01,2.723744516422300088e-01,2.911919102077536459e-01,3.111892900618952185e-01,3.324255913165182763e-01,3.549583800070083006e-01,3.788465877234305501e-01,4.041426127669665580e-01,4.309015887931546551e-01,4.591737629051382830e-01,4.890095914541734423e-01,5.204496610995400507e-01,5.535351277869280384e-01,5.883015469008522347e-01,6.247822833128350295e-01,6.630183109364838900e-01,7.030546314710515166e-01,7.449665194313860317e-01,7.888763427815738138e-01,8.349934864248234057e-01,8.836715992190586899e-01,9.354846685960317432e-01,9.913687991692302637e-01,1.052786743312144946e+00,1.121987665390212774e+00,1.202373032070298997e+00,1.299040665541778550e+00,1.419633296376053844e+00,1.575739900190952891e+00,1.785368308634446510e+00,2.077500790938169750e+00,2.500891707913163842e+00,3.141595044081948895e+00,4.158824388268047123e+00,5.857899357444916077e+00
9.869631125125118143e-02,1.031108418287367684e-01,1.081737068615168940e-01,1.088056442661232137e-01,1.147692236095501778e-01,1.214881561478439453e-01,1.290090094116790598e-01,1.373682177598936627e-01,1.465889952368316929e-01,1.566831454463443185e-01,1.676535490141122242e-01,1.795017757436936645e-01,1.922337977012651689e-01,2.058678155519860220e-01,2.204338447011375268e-01,2.359736362545405419e-01,2.525390848256077736e-01,2.701871499817234956e-01,2.889748729931867488e-01,3.089655276761479885e-01,3.302238040516032869e-01,3.528133086824547515e-01,3.768004640216294776e-01,4.022527169022476756e-01,4.292375269053914089e-01,4.578262101996880551e-01,4.880861244124015674e-01,5.200903321932901502e-01,5.539127407393409364e-01,5.896321782814113455e-01,6.273411211309946056e-01,6.671430559207917055e-01,7.091761242226569673e-01,7.536245710372279083e-01,8.007546528559028598e-01,8.509614841724663092e-01,9.048316449942792605e-01,9.632707072173364304e-01,1.027649867457143262e+00,1.100054592006600940e+00,1.183633484542999659e+00,1.283165792639639591e+00,1.405907500105179286e+00,1.563015217482883301e+00,1.771994112558580969e+00,2.061162797699652049e+00,2.478164742835170298e+00,3.106893485691192058e+00,4.102071203513045106e+00,5.759672578820823396e+00
9.431807393698721231e-02,9.808741290959721582e-02,1.024236198570026846e-01,1.028387255316332155e-01,1.080272699275875437e-01,1.139115772746276123e-01,1.205507636430762919e-01,1.279932953933865525e-01,1.362779553231620311e-01,1.454303726488411219e-01,1.554627256408978031e-01,1.663786677366096423e-01,1.781786270194886668e-01,1.908695201224733240e-01,2.044684706356580950e-01,2.190059609613610181e-01,2.345289239733787390e-01,2.510905560767189848e-01,2.687488449253999656e-01,2.875700859205330695e-01,3.076226602741304883e-01,3.289757299740486141e-01,3.517029415713119889e-01,3.758811683811166260e-01,4.015900500603573620e-01,4.289160755526483237e-01,4.579459052925138329e-01,4.887763448750819251e-01,5.215099180592009942e-01,5.562600871638458955e-01,5.931598395949437830e-01,6.323596487487138651e-01,6.740499387201933645e-01,7.184704052307574473e-01,7.659458624789889925e-01,8.169202810107704105e-01,8.720178682245850466e-01,9.321543114503888505e-01,9.986682996079587760e-01,1.073549976561222863e+00,1.159770736842970162e+00,1.261826401243482776e+00,1.386575847648622961e+00,1.544627460130021834e+00,1.752749887189835709e+00,2.038193732851401041e+00,2.446873377963728391e+00,3.059503380477755830e+00,4.024429301141501547e+00,5.624449392234789791e+00
9.068109395599457945e-02,9.390591040949619606e-02,9.762487789382147396e-02,9.781250715735792522e-02,1.023186864241931726e-01,1.074582155275513873e-01,1.132955410316126427e-01,1.198893515191580827e-01,1.272917980631423640e-01,1.355435513356128829e-01,1.446707513495637254e-01,1.546865197051383589e-01,1.655934790304985915e-01,1.773927899240188844e-01,1.900894871999378177e-01,2.037027143453677969e-01,2.182664734095365044e-01,2.338282170081988909e-01,2.504440757070656165e-01,2.681809566652346710e-01,2.871096338428832939e-01,3.073030039021934501e-01,3.288400005719948060e-01,3.518027176094741248e-01,3.762805542932293190e-01,4.023702576243848306e-01,4.301724604097734161e-01,4.598007675217838375e-01,4.913789931392192334e-01,5.250461480048025376e-01,5.609656048310022181e-01,5.993236226789716570e-01,6.403523131712999250e-01,6.843367178797273853e-01,7.316489809247215259e-01,7.827815823504273851e-01,8.383998232929836814e-01,8.994447086877095376e-01,9.672515948579710754e-01,1.043759754862174871e+00,1.131816934831086030e+00,1.235688480262170375e+00,1.361855399366321606e+00,1.520336961169675094e+00,1.726988185497995154e+00,2.007615763266959341e+00,2.405693209065554949e+00,2.997448433738898022e+00,3.922358831182003680e+00,5.444957619901241941e+00
8.766471239457496178e-02,9.043329334966961064e-02,9.363195097088979069e-02,9.359878778917891939e-02,9.751454194641041850e-02,1.020009874936061017e-01,1.071241554771637655e-01,1.129498015707001563e-01,1.195395608043678393e-01,1.269473802446462740e-01,1.352144531407190875e-01,1.443677629644205263e-01,1.544191991310408518e-01,1.653716149229758903e-01,1.772237686701887416e-01,1.899825921677328333e-01,2.036684905040414828e-01,2.183181619923780792e-01,2.339819998062725170e-01,2.507252515874098253e-01,2.686193559666825714e-01,2.877400686454146816e-01,3.081694931230294365e-01,3.299942232866547309e-01,3.533093957441458821e-01,3.782191009737748133e-01,4.048340078005939757e-01,4.332796764603752404e-01,4.636943957119118997e-01,4.962375104673193982e-01,5.310923697843341618e-01,5.684739532787530525e-01,6.086433497965306749e-01,6.519209135549127732e-01,6.987164635847671335e-01,7.495605314022664167e-01,8.051539945497558914e-01,8.664632146220295761e-01,9.348282922771594672e-01,1.012156830787654949e+00,1.101201071171315604e+00,1.206033748688781770e+00,1.332779994323926909e+00,1.490858207859385054e+00,1.695102317582233731e+00,1.969577424348950556e+00,2.354649902314379872e+00,2.920705227624788236e+00,3.795540196652487097e+00,5.219477656780858510e+00
8.516556809289596575e-02,8.755344481254946631e-02,9.031618945687816535e-02,9.007955674152433312e-02,9.348960930238831013e-02,9.741129026634282040e-02,1.019094596572185374e-01,1.070540103180574881e-01,1.129110377373898216e-01,1.195450273471662939e-01,1.270105862150359977e-01,1.353496856960089700e-01,1.445877982870225065e-01,1.547361271630270096e-01,1.657947186780135418e-01,1.777622303973878104e-01,1.906465972374542517e-01,2.044696058863688104e-01,2.192728050457868616e-01,2.351158818903897052e-01,2.520694187196046987e-01,2.702106652360444783e-01,2.896241146547712253e-01,3.103995284317510595e-01,3.326362274121289486e-01,3.564426146540907725e-01,3.819369591925748098e-01,4.092523682507784311e-01,4.385397762195661908e-01,4.699709632376134483e-01,5.037420107563075344e-01,5.400907904582484820e-01,5.792990995269815535e-01,6.217123941693345479e-01,6.677674093395038479e-01,7.180240319548667483e-01,7.732077792642572112e-01,8.343032058412526153e-01,9.026523140801739897e-01,9.801335773562571685e-01,1.069414748841493568e+00,1.174391316761065784e+00,1.300851899994672323e+00,1.457609657278277515e+00,1.658425456192511360e+00,1.925424479379687304e+00,2.295389859393623055e+00,2.831759549217632177e+00,3.648234121590728130e+00,4.955472564085398268e+00
8.309620928502128856e-02,8.516738406136414863e-02,8.756647922597664280e-02,8.714763009940168503e-02,9.012884442738412771e-02,9.356777472048066757e-02,9.752711782428574727e-02,1.020765510856192770e-01,1.072851181685792465e-01,1.132237456327735703e-01,1.199574557371043682e-01,1.275418487870503548e-01,1.360173476934410375e-01,1.454080321771516471e-01,1.557211653542222851e-01,1.669542085706560153e-01,1.791056530426945459e-01,1.921833352608033618e-01,2.062149149215977417e-01,2.212522369829034719e-01,2.373609335871240955e-01,2.546188375066762988e-01,2.731122209109564380e-01,2.929336118785779708e-01,3.141839818238010285e-01,3.369770037512214156e-01,3.614344604476755762e-01,3.876956170764710996e-01,4.159187775821542865e-01,4.462848743278453600e-01,4.790013041100312230e-01,5.143190244086868201e-01,5.525351554265839349e-01,5.940129048752703644e-01,6.392073032051716064e-01,6.886969164551665079e-01,7.432236008292444351e-01,8.037808501120664584e-01,8.717049624214691095e-01,9.488408667420357157e-01,1.037772396607328007e+00,1.142223333676358976e+00,1.267657836336349542e+00,1.422288579613772308e+00,1.618790259162799394e+00,1.877276341207083421e+00,2.230716461076934110e+00,2.735030535541288277e+00,3.488477771207472156e+00,4.668944915406240348e+00
8.138327052260929673e-02,8.319152181568195692e-02,8.528807347086413138e-02,8.470953136549501383e-02,8.732936336653339404e-02,9.035916012559512545e-02,9.385839456530203906e-02,9.789494801120900147e-02,1.025383343042688689e-01,1.078629068071774028e-01,1.139408553302826976e-01,1.208387634962573010e-01,1.286111056378013706e-01,1.372962998780127841e-01,1.469135766333132254e-01,1.574657094291255222e-01,1.689462255245177402e-01,1.813521496281514100e-01,1.946976129085131735e-01,2.090202710312656365e-01,2.243786420180771679e-01,2.408498366099208476e-01,2.585203703433066047e-01,2.774845654143626161e-01,2.978460315986468099e-01,3.197209171629583069e-01,3.432343227685853426e-01,3.685295039508816872e-01,3.957697934600967749e-01,4.251423970125426388e-01,4.568624938086286447e-01,4.911898865860706009e-01,5.284322592815603459e-01,5.689642757520352312e-01,6.132518356574769847e-01,6.618857887141993412e-01,7.156156278643581725e-01,7.754354703140798888e-01,8.426681749242781461e-01,9.191190522096230886e-01,1.007285266297385462e+00,1.110721489987287258e+00,1.234575202891112999e+00,1.386480201961889813e+00,1.578047585755390836e+00,1.827415013470097271e+00,2.163761050724865687e+00,2.635513608191138779e+00,3.325527835520932118e+00,4.379082558370200218e+00
7.996555302865389347e-02,8.155581297935751706e-02,8.340120592719812986e-02,8.268450873984295457e-02,8.500140813945786245e-02,8.768633689530799802e-02,9.079608924498545897e-02,9.439497486500195156e-02,9.855168737177064098e-02,1.033417107574226140e-01,1.088415497141075189e-01,1.151258214733808932e-01,1.222607296970490143e-01,1.302988201152759928e-01,1.392731552023571684e-01,1.491958206860734826e-01,1.600633124801392471e-01,1.718646352667930199e-01,1.846007899048566492e-01,1.982949041463527573e-01,2.129956104869633049e-01,2.287733499458197151e-01,2.457160263668484446e-01,2.639187141725849450e-01,2.834880887399638949e-01,3.045414388296774910e-01,3.272059849623963346e-01,3.516296227986925871e-01,3.779771449414467410e-01,4.064405633926100880e-01,4.372402649545726327e-01,4.706418003502884084e-01,5.069594973016314787e-01,5.465750724372498981e-01,5.899611364971097949e-01,6.377136504581587539e-01,6.905838746433218267e-01,7.495598624140392685e-01,8.159446305256738974e-01,8.914985520454974388e-01,9.786304616417239588e-01,1.080727354293768538e+00,1.202634230692021022e+00,1.351432942224857658e+00,1.537729921605937466e+00,1.777794114837094153e+00,2.097250043998801772e+00,2.537524660658974529e+00,3.167259216399786581e+00,4.102121568667329576e+00
7.879219643584420285e-02,8.020186084685597405e-02,8.183897915462906569e-02,8.100409029412586337e-02,8.306786815967547033e-02,8.546387542127395487e-02,8.824540171471120797e-02,9.147359827874738947e-02,9.521513970609093991e-02,9.954508971179561183e-02,1.045420588091180714e-01,1.102860296659184669e-01,1.168523036985744668e-01,1.243058085174641725e-01,1.326935539204125714e-01,1.420398856018320610e-01,1.523479190778761760e-01,1.636043882364278113e-01,1.758002647872617119e-01,1.889438524015584486e-01,2.030716426481150860e-01,2.182457383912012605e-01,2.345518618469560057e-01,2.520855375700206125e-01,2.709556180784521984e-01,2.912812654294536507e-01,3.131917572589472121e-01,3.368364450659932507e-01,3.623835552456739495e-01,3.900266101045246070e-01,4.199896653976004646e-01,4.525417705101472121e-01,4.880011105722531495e-01,5.267533476539688619e-01,5.692734759504904929e-01,6.161587809694362150e-01,6.681572750066535615e-01,7.262460061660760413e-01,7.917034722220165355e-01,8.662416473341608691e-01,9.521797785802191827e-01,1.052743051978515698e+00,1.172488750109038413e+00,1.317985286045929572e+00,1.498907919546528911e+00,1.729822054190308878e+00,2.033142722700694627e+00,2.444070558977812890e+00,3.018876449058325306e+00,3.848159603396542394e+00
7.782103137581357355e-02,7.908114965849805111e-02,8.054568532268505110e-02,7.961044319127479063e-02,8.146323990368123380e-02,8.361782196290917790e-02,8.612412728942639428e-02,8.904007692153079190e-02,9.242997818577580738e-02,9.636744443224233569e-02,1.009316553218711221e-01,1.062059131004385037e-01,1.122718522302461330e-01,1.192048060117538305e-01,1.270644505741596875e-01,1.358881378880166246e-01,1.456884695435069765e-01,1.564545950288847298e-01,1.681710775489044241e-01,1.808335181068854713e-01,1.944647015942094215e-01,2.091169114384680283e-01,2.248711610035361852e-01,2.418223953621678746e-01,2.600806814414629020e-01,2.799674641645580886e-01,3.010128196814553236e-01,3.239682512419478355e-01,3.488038911795329211e-01,3.757136103944562766e-01,4.049245149892791718e-01,4.367069982916034210e-01,4.713810937863676109e-01,5.093337754835667308e-01,5.510401231119478327e-01,5.970950625564593883e-01,6.482398026949310887e-01,7.054371085689158383e-01,7.699376857161570609e-01,8.434031835610411587e-01,9.280641576542932869e-01,1.026990841270444044e+00,1.144470685207199967e+00,1.286598775357265856e+00,1.462208887109453626e+00,1.684343049652157864e+00,1.972595739005829518e+00,2.356819521338521017e+00,2.882939892056172848e+00,3.621326099941876819e+00
7.701714375542352553e-02,7.815345562025304005e-02,7.947504747987901852e-02,7.845507055663471230e-02,8.013231709392633351e-02,8.208563235823435056e-02,8.436184845557001544e-02,8.701595414138570128e-02,9.010958045220228418e-02,9.371449121011950212e-02,9.790940213784062041e-02,1.027792598200663182e-01,1.084102432348502537e-01,1.148855403150063209e-01,1.222757706537166145e-01,1.306307328273373647e-01,1.399738751122584501e-01,1.502999056759264929e-01,1.615909039690560933e-01,1.738321039720613914e-01,1.870335803654048501e-01,2.012364983898597415e-01,2.165153892302260075e-01,2.329630657912135361e-01,2.506898571768992889e-01,2.698181668954435231e-01,2.904811177281584333e-01,3.128302942898741890e-01,3.370369039375313291e-01,3.632959932779252776e-01,3.918353211085183752e-01,4.229258021296986580e-01,4.568877186967865156e-01,4.941073261935584049e-01,5.350584299663898591e-01,5.803300930540407077e-01,6.306550960357009128e-01,6.869790231041961182e-01,7.505228952622917671e-01,8.228973567789769072e-01,9.062464723319439974e-01,1.003493486303048465e+00,1.118675407724113002e+00,1.257456022660733419e+00,1.427915472958566800e+00,1.641754981329356822e+00,1.916136610748855773e+00,2.276413044887383830e+00,2.760068901276974351e+00,3.421628176940047616e+00
7.635164913942675546e-02,7.738547285054203639e-02,7.858869705111076742e-02,7.749747009179422386e-02,7.902882670790042918e-02,8.081461798710924682e-02,8.289898020008092117e-02,8.533412237204067441e-02,8.817913913362625256e-02,9.150372708183858450e-02,9.538554334097930354e-02,9.991009167544244451e-02,1.051664823985832553e-01,1.112437681525870470e-01,1.182215328097686591e-01,1.261607204109607416e-01,1.350957361549419977e-01,1.450286757857649211e-01,1.559420503188580776e-01,1.678140602822752181e-01,1.806432295452100045e-01,1.944595117872915946e-01,2.093303061862210046e-01,2.253445617084657571e-01,2.426118892735920629e-01,2.612533945629904042e-01,2.814095769202049624e-01,3.032271787240007344e-01,3.268797936061560439e-01,3.525636187479009309e-01,3.805055202324322816e-01,4.109762257750531056e-01,4.442950756299465231e-01,4.808464086957669470e-01,5.211003636539377482e-01,5.656396046251170873e-01,6.151856318708130988e-01,6.706657257418581208e-01,7.332700174222335221e-01,8.045583923292409789e-01,8.865915091020564187e-01,9.821547426318756324e-01,1.095052902002941586e+00,1.230560799286477103e+00,1.396087717233843950e+00,1.602167416362114905e+00,1.863883841961211152e+00,2.202849146520644563e+00,2.649758996821506507e+00,3.246912290432578452e+00
7.580066047305383803e-02,7.674964333392528260e-02,7.785486081545188453e-02,7.670391015167865589e-02,7.811413045165606361e-02,7.976067041237035193e-02,8.168529694205252378e-02,8.393775972163607102e-02,8.657478974177543196e-02,8.966401040378756127e-02,9.328171773012229606e-02,9.751327136845835963e-02,1.024495321820500793e-01,1.081837937317194215e-01,1.148027501418902030e-01,1.223770992716977923e-01,1.309508650074227565e-01,1.405348923722132826e-01,1.511140109189447467e-01,1.626619991278561717e-01,1.751678068843933456e-01,1.886510302220797686e-01,2.031712061303780625e-01,2.188130054411576986e-01,2.356842003273854624e-01,2.539058224352711557e-01,2.736191907950760727e-01,2.949724258551991163e-01,3.181376133350864444e-01,3.433131310232871991e-01,3.707244050831255411e-01,4.006409261662080556e-01,4.333801633045531454e-01,4.693234717011530166e-01,5.089361346927367968e-01,5.527930248784538314e-01,6.016034847294198240e-01,6.562751056212106082e-01,7.179668710192214087e-01,7.881889109324236031e-01,8.689221709853673925e-01,9.628227431799448732e-01,1.073483967457128596e+00,1.205828524635496279e+00,1.366674735668114371e+00,1.565539358019648608e+00,1.815745619527934229e+00,2.135815849546292888e+00,2.551012561778461141e+00,3.094259977690335450e+00
7.534442577183267375e-02,7.622317265498142203e-02,7.724724324900816841e-02,7.604635064720542681e-02,7.735604909543543350e-02,7.888693405205643439e-02,8.067873298125578796e-02,8.277904182314839432e-02,8.524246091640058642e-02,8.813464827087549858e-02,9.153043078827845236e-02,9.551460556300979399e-02,1.001786593783347140e-01,1.056197688575193638e-01,1.119292409485739548e-01,1.191859829018316330e-01,1.274431784272869739e-01,1.367198294048074525e-01,1.470040961523043366e-01,1.582678106494482262e-01,1.704921705883579164e-01,1.836875717118043871e-01,1.979059884908217770e-01,2.132274800389230007e-01,2.297572880379230020e-01,2.476157295154552684e-01,2.669439789377677785e-01,2.878909240374405987e-01,3.106289033399370347e-01,3.353558159324149246e-01,3.622960755002123667e-01,3.917173626649068652e-01,4.239345869269211531e-01,4.593253272664578057e-01,4.983491645393768876e-01,5.415723200996045428e-01,5.896911837662340838e-01,6.435932084144941889e-01,7.044064540297158006e-01,7.735928491930730289e-01,8.530578770322578830e-01,9.453375304138479374e-01,1.053831996462055498e+00,1.183148891155815230e+00,1.339584010309454065e+00,1.531777227618732695e+00,1.771560202816291563e+00,2.074904338667542980e+00,2.462733669597333641e+00,2.960775048918014019e+00
7.496661163201964739e-02,7.578720857663272248e-02,7.674411623790416970e-02,7.550151195268223203e-02,7.672783028215555967e-02,7.816271781432909682e-02,7.984416224042512056e-02,8.181790799822709348e-02,8.413664456633687672e-02,8.686426215967980868e-02,9.007412232721502543e-02,9.385023804571997197e-02,9.828477052972051098e-02,1.034760421370138073e-01,1.095204662881141822e-01,1.165030755316333183e-01,1.244849413544076855e-01,1.334925229831877558e-01,1.435182704177043467e-01,1.545330744512462551e-01,1.665121064881895097e-01,1.794583071342457370e-01,1.934162924406723216e-01,2.084617616258476192e-01,2.246971911349700812e-01,2.422414647406350152e-01,2.612351779439080479e-01,2.818274531240573255e-01,3.041906097634106132e-01,3.285218578745185969e-01,3.550442758338449023e-01,3.840233356344220361e-01,4.157708953785341777e-01,4.506602203679362373e-01,4.891446349928979531e-01,5.317812080823978160e-01,5.792530124302402994e-01,6.324273779520938055e-01,6.924021625144890502e-01,7.605932487083851834e-01,8.388352892918388148e-01,9.295534957480916516e-01,1.035972748507134389e+00,1.162419124881909127e+00,1.314729703040654840e+00,1.500787277107317408e+00,1.731162502361119682e+00,2.019721988500435828e+00,2.383915955903637585e+00,2.843922571047214465e+00
7.465370978083583908e-02,7.542615865474605608e-02,7.632740338213479803e-02,7.505008265692617031e-02,7.620725996368750421e-02,7.756250202568602814e-02,7.915232220469327340e-02,8.102086160696350681e-02,8.321920316824736596e-02,8.580960277818393267e-02,8.886406107722667758e-02,9.246571600589985340e-02,9.670675201123163367e-02,1.016868575912085321e-01,1.075056226560157091e-01,1.142532265989339713e-01,1.219973779863193497e-01,1.307711942175459052e-01,1.405714972688729969e-01,1.513690516878825054e-01,1.631346619438373002e-01,1.758645627759467533e-01,1.895972832689384047e-01,2.044043140110531342e-01,2.203855622587828633e-01,2.376580063354913064e-01,2.563621878578496438e-01,2.766442228122586999e-01,2.986788713269773465e-01,3.226615841851332989e-01,3.488138247526198499e-01,3.773986255935138923e-01,4.087244864885978823e-01,4.431600390097264475e-01,4.811520684280817806e-01,5.232483027158885136e-01,5.701185081085904383e-01,6.226103439336521106e-01,6.817926719316472761e-01,7.490379081879061651e-01,8.261148914112005359e-01,9.153469772056000986e-01,1.019802280682164719e+00,1.143555162836071837e+00,1.292042554834647916e+00,1.472492282170031253e+00,1.694411894638307992e+00,1.969928813584006733e+00,2.313702534179120196e+00,2.741604001665073564e+00
7.439454644549561846e-02,7.512712504100400868e-02,7.598229690179235385e-02,7.467605166454195642e-02,7.577590728659278074e-02,7.706509173300435389e-02,7.857887506620575557e-02,8.036004418981586295e-02,8.245827548721834654e-02,8.493441257936464039e-02,8.785921112025343871e-02,9.131492440686844736e-02,9.539354914174748290e-02,1.001956599624011929e-01,1.058232297787942006e-01,1.123705250561493479e-01,1.199107527911435073e-01,1.284828089618277325e-01,1.380875655683874714e-01,1.486964258919023785e-01,1.602766647454421656e-01,1.728189931786082156e-01,1.863566781543863071e-01,2.009575479231382744e-01,2.167189845058850040e-01,2.337561683413426628e-01,2.522083319254609379e-01,2.722210076368741238e-01,2.939683095677950164e-01,3.176445839718926023e-01,3.434696639818869968e-01,3.717039635154550936e-01,4.026524832550875121e-01,4.366790984492585626e-01,4.742240048110921147e-01,5.158256914091108314e-01,5.621409373371588636e-01,6.139985447723067535e-01,6.724399899467786712e-01,7.387971949757832224e-01,8.147784841847237614e-01,9.026151977754448552e-01,1.005233424967203693e+00,1.126487021912215392e+00,1.271461567053716601e+00,1.446824956365000858e+00,1.661185752461552756e+00,1.925229665304620807e+00,2.251367264579354543e+00,2.652105521454938497e+00
7.417987710682141800e-02,7.487943803291947920e-02,7.569645275360378789e-02,7.436614865071698721e-02,7.541848836996596639e-02,7.665289762958356345e-02,7.810360203233966681e-02,7.981224351191165689e-02,8.182729626466607453e-02,8.420838591138299356e-02,8.702515296758481234e-02,9.035900923616946301e-02,9.430164862261668224e-02,9.895419949739522880e-02,1.044204169112757097e-01,1.107977973667914479e-01,1.181640570378023475e-01,1.265630107384204117e-01,1.359992229823372423e-01,1.464448840358558990e-01,1.578646486134442084e-01,1.702445999159313272e-01,1.836135092744886066e-01,1.980360542274305913e-01,2.136074119016677375e-01,2.304410714750770861e-01,2.486748368800142384e-01,2.684533988620728118e-01,2.899499422178287711e-01,3.133576884989655031e-01,3.388946342791029909e-01,3.668185903447732654e-01,3.974310493652316034e-01,4.310911743310035793e-01,4.682327198110390332e-01,5.093852570915591293e-01,5.551931817907732603e-01,6.064675472503356923e-01,6.642243626757796671e-01,7.297582930332704443e-01,8.047226342644123731e-01,8.912659537911272745e-01,9.921882617637832746e-01,1.111148696833858640e+00,1.252927324758279948e+00,1.423715038980741809e+00,1.631357682194068515e+00,1.885350094721715442e+00,2.196278908140957942e+00,2.574004832947508703e+00
7.400182624156240174e-02,7.467426524328064918e-02,7.545967872959429001e-02,7.410937714760612582e-02,7.512233332184867218e-02,7.631133049563616766e-02,7.770971915805684194e-02,7.935817774089370946e-02,8.130415973664877061e-02,8.360624699700286433e-02,8.633310098990125414e-02,8.956536013074574420e-02,9.339436350759829086e-02,9.792156788120065514e-02,1.032520601335221444e-01,1.094858850689984925e-01,1.167044337669287252e-01,1.249556531170886720e-01,1.342473491651202389e-01,1.445525839829675807e-01,1.558339801605883312e-01,1.680737664374707951e-01,1.812968943752044648e-01,1.955653717540888348e-01,2.109725157501783910e-01,2.276306819705072593e-01,2.456751795531587901e-01,2.652508006238290528e-01,2.865292935314455725e-01,3.097025873606706337e-01,3.349868834649532001e-01,3.626374215670663537e-01,3.929522877835140426e-01,4.262861085144740714e-01,4.630664997612889966e-01,5.038146158692191623e-01,5.491632726768479467e-01,5.999071048953422691e-01,6.570387482271805579e-01,7.218189521597814240e-01,7.958517527436513861e-01,8.812117607566375410e-01,9.805876319374547956e-01,1.097468304381875814e+00,1.236370565996741444e+00,1.403074865455684384e+00,1.604786761333514500e+00,1.850012570979037596e+00,2.147856209974449371e+00,2.506082266076445020e+00
7.385451422520357412e-02,7.450430202667113200e-02,7.526353981245383074e-02,7.389662599631585671e-02,7.487689930894579626e-02,7.602829380780702639e-02,7.738330474520262181e-02,7.898183597971263070e-02,8.087048819971801028e-02,8.310694873824468754e-02,8.575903342753084246e-02,8.890668607549158386e-02,9.264087882594229661e-02,9.706324729451472344e-02,1.022797598970152655e-01,1.083928185620371271e-01,1.154864531827997781e-01,1.236121666725847612e-01,1.327805507468846902e-01,1.429658764398838433e-01,1.541276769059582441e-01,1.662473599117602618e-01,1.793449251827836100e-01,1.934805945246718395e-01,2.087461512155226462e-01,2.252526731946690453e-01,2.431342024113855860e-01,2.625344670465949437e-01,2.836240656100521007e-01,3.065935817324423329e-01,3.316574465562716068e-01,3.590684449858700389e-01,3.891214385059542091e-01,4.221667876600299074e-01,4.586263887326142430e-01,4.990139854846251666e-01,5.439505942957650886e-01,5.942170418189414161e-01,6.507844441226279253e-01,7.148832095691022293e-01,7.880732260579326187e-01,8.723639548405801580e-01,9.703461719030720412e-01,1.085361731402258556e+00,1.221699879120037746e+00,1.384791653429682246e+00,1.581303558280862998e+00,1.818921383345999399e+00,2.105540039596458968e+00,2.447252795910916490e+00
7.373247371713916032e-02,7.436349870921725447e-02,7.510105413339764058e-02,7.372034658533170581e-02,7.467356907605718352e-02,7.579376021388480045e-02,7.711280260625490157e-02,7.866993099369919140e-02,8.051101397182795771e-02,8.269298582066526848e-02,8.528293651386084639e-02,8.836019763657113057e-02,9.201538641269475793e-02,9.635022052579822471e-02,1.014717627995087440e-01,1.074829678190552251e-01,1.144713238618543238e-01,1.224908367238963791e-01,1.315544638534903443e-01,1.416372712768202424e-01,1.526975205533607216e-01,1.647139959767403294e-01,1.777036260148204538e-01,1.917252282804553787e-01,2.068690456958022506e-01,2.232451718357473247e-01,2.409865758772985755e-01,2.602358187288733582e-01,2.811624624192842203e-01,3.039556984773464920e-01,3.288282553509648265e-01,3.560306196636865983e-01,3.858546713102642411e-01,4.186468399557136122e-01,4.548237722542584072e-01,4.948917444176536007e-01,5.394632860006713937e-01,5.893046325367089500e-01,6.453683825742256852e-01,7.088580050428708867e-01,7.812944675870318045e-01,8.646301096866173541e-01,9.613707806766836894e-01,1.074730531498284014e+00,1.208804307858278637e+00,1.368726102154251834e+00,1.560709209402072029e+00,1.791759185680775524e+00,2.068779304577204492e+00,2.396526746131564689e+00
7.363136549351996518e-02,7.424684769215916802e-02,7.496644178039216233e-02,7.357428504246356360e-02,7.450508999618946082e-02,7.559941888185404968e-02,7.688864599428152369e-02,7.841144037351920060e-02,8.021306327353960874e-02,8.234981138220918984e-02,8.488815598172963495e-02,8.790689608472414263e-02,9.149631942457996103e-02,9.575816512322789242e-02,1.008000590011033926e-01,1.067262215913183376e-01,1.136262517386920218e-01,1.215560510654862675e-01,1.305310225928421886e-01,1.405267868063791725e-01,1.515005740127927381e-01,1.634288880389890564e-01,1.763263564620908275e-01,1.902502159051920883e-01,2.052897036248017559e-01,2.215540670439961057e-01,2.391753219223614890e-01,2.582950683606292652e-01,2.790817361058982038e-01,3.017232077894120845e-01,3.264306086568493637e-01,3.534523067138221619e-01,3.830774915176161644e-01,4.156490069860656611e-01,4.515785727590012066e-01,4.913667346817199300e-01,5.356167964602266407e-01,5.850832307696902657e-01,6.407019694817848166e-01,7.036527838267442325e-01,7.754226094082885545e-01,8.579141036238387974e-01,9.535596933548576848e-01,1.065463602755764905e+00,1.197554967412720828e+00,1.354716196135888451e+00,1.542780182342225359e+00,1.768186685172477013e+00,2.037028823181654236e+00,2.352985177261607941e+00
