nan,nan,7.230718327453308802e+01,3.904765509218681530e+01,4.079507411728334176e+01,4.270119473554606060e+01,4.473616106242437240e+01,4.686584348346304552e+01,4.905440955831657135e+01,5.126668140584743583e+01,5.346929410488532142e+01,5.563048851160524322e+01,5.771891059258519618e+01,5.970215485931312571e+01,6.154566742679897118e+01,6.321225033239139179e+01,6.466216355428008455e+01,6.585367907786890385e+01,6.674403513952539413e+01,6.729077973025690085e+01,6.745349099980252561e+01,6.719594100976823370e+01,6.648860455618418541e+01,6.531151597137838394e+01,6.365720213732758026e+01,6.153360276434882081e+01,5.896639616783567561e+01,5.600051183007691691e+01,5.270022339453158366e+01,4.914740216158303809e+01,4.543776373160464743e+01,4.167483445954086818e+01,3.796275860608568564e+01,3.439804016666366238e+01,3.106199101033239884e+01,2.801598292217752473e+01,2.529872963924066553e+01,2.292830423831360065e+01,2.090686234492494933e+01,1.922752415149968286e+01,1.788201039167416084e+01,1.686807507058921018e+01,1.619745636563099467e+01,1.590530200663921079e+01,1.606555144180575212e+01,1.681923871674935000e+01,1.843204985709662225e+01,2.142036266110913090e+01,2.685115158123913304e+01,3.713058486659827651e+01
5.016095073806703653e+01,5.283198845883858041e+01,5.574624204429187557e+01,3.067354350155592613e+01,3.191906840798820255e+01,3.332096568876125531e+01,3.486202087344842226e+01,3.651925589201740507e+01,3.826544146070340702e+01,4.007124129096473553e+01,4.190732728669271268e+01,4.374564353106615755e+01,4.555974374164293295e+01,4.732387309530950859e+01,4.901183505857979839e+01,5.059592491720428598e+01,5.204634216425926496e+01,5.333111464457191886e+01,5.441643111174647629e+01,5.526731416975344047e+01,5.584860650753238787e+01,5.612626958180877068e+01,5.606903460936513994e+01,5.565036577015906261e+01,5.485070725074348275e+01,5.365992720386807946e+01,5.207971281626210924e+01,5.012574553556412837e+01,4.782923940511055605e+01,4.523751191858889342e+01,4.241319937466656143e+01,3.943178747307754861e+01,3.637747220915201751e+01,3.333751112664547378e+01,3.039575296124754189e+01,2.762630686424613558e+01,2.508872919890842823e+01,2.282521412686276463e+01,2.086136896949028241e+01,1.920974520240741157e+01,1.787594281415598374e+01,1.686632430653676451e+01,1.619703801940048749e+01,1.590522507356631543e+01,1.606554322155549031e+01,1.681923943357506701e+01,1.843204879777231042e+01,2.142035720830644152e+01,2.685113960009357115e+01,3.713055971052599347e+01
3.897853135913855027e+01,4.089688958213223913e+01,4.304252554302411937e+01,2.426635494412613170e+01,2.511388952367351735e+01,2.610228813291027095e+01,2.722428307488491228e+01,2.846743297505144810e+01,2.981429064339268820e+01,3.124340057391098213e+01,3.273095601310082259e+01,3.425262446336021327e+01,3.578492307083679691e+01,3.730570685961882305e+01,3.879375771627081093e+01,4.022785847628012590e+01,4.158575827213157083e+01,4.284370352483957589e+01,4.397606736355342605e+01,4.495560083986046607e+01,4.575386738683790355e+01,4.634196773119623458e+01,4.669149340145028049e+01,4.677580412362010520e+01,4.657152108068168417e+01,4.606030550612533858e+01,4.523082799411229615e+01,4.408076433552761131e+01,4.261870094663395747e+01,4.086564147780416079e+01,3.885583091025394964e+01,3.663660856033489210e+01,3.426697334530994965e+01,3.181476982782323759e+01,2.935258122874500941e+01,2.695272920952077556e+01,2.468208593778599891e+01,2.259790152635595106e+01,2.074494984571684242e+01,1.915577801081225928e+01,1.785360921554055835e+01,1.685820266388989808e+01,1.619449046873346987e+01,1.590455227964056206e+01,1.606539901766868894e+01,1.681921534643078431e+01,1.843204377328781263e+01,2.142034936027122072e+01,2.685112226440465477e+01,3.713052423445908090e+01
3.050102140880560597e+01,3.182941461944072969e+01,3.335714285937240930e+01,1.936376864448416413e+01,1.990864633297436015e+01,2.057270155965105118e+01,2.135492738335007346e+01,2.225072898901038343e+01,2.325133101609445418e+01,2.434369992635022939e+01,2.551114457072146990e+01,2.673454077577838817e+01,2.799385639365126721e+01,2.926947214817701237e+01,3.054285494369619158e+01,3.179644874070858052e+01,3.301299452002078993e+01,3.417469991580712474e+01,3.526260826198647891e+01,3.625630431606946047e+01,3.713397278490004538e+01,3.787260022889579858e+01,3.844866386780150691e+01,3.883867717747688886e+01,3.902020787670391400e+01,3.897305797617583778e+01,3.868052762654254906e+01,3.813120004628463988e+01,3.732036297908436495e+01,3.625177285208975775e+01,3.493899991344369482e+01,3.340640275207783105e+01,3.168938165829637299e+01,2.983368469390490674e+01,2.789366016304365559e+01,2.592939431463552324e+01,2.400303157438418111e+01,2.217485945568054362e+01,2.049960422037003838e+01,1.902465937518603312e+01,1.778973754517406647e+01,1.683019282301648900e+01,1.618358652749674320e+01,1.590084352022989833e+01,1.606431679082223951e+01,1.681894906688223301e+01,1.843198595950589436e+01,2.142032893286747708e+01,2.685109593204309775e+01,3.713047147948142879e+01
2.407609229773347437e+01,2.495779184151480834e+01,2.600540277269236356e+01,1.560063324523031802e+01,1.592374266941049044e+01,1.634353809232631605e+01,1.686207206252812796e+01,1.747940695015013901e+01,1.819286774857663502e+01,1.899645338234250147e+01,1.988060984374580187e+01,2.083253496985716424e+01,2.183703998770808852e+01,2.287777439485576636e+01,2.393842832408071430e+01,2.500350183345055655e+01,2.605842671992300552e+01,2.708912922501162868e+01,2.808134794835500614e+01,2.902002997610912516e+01,2.988898869941262504e+01,3.067084731848089874e+01,3.134720905689024661e+01,3.189901384187402300e+01,3.230706586039422490e+01,3.255272977201773443e+01,3.261882211633569284e+01,3.249067641849128307e+01,3.215737300525581333e+01,3.161309389869033382e+01,3.085847615170548153e+01,2.990188506271270796e+01,2.876039094658001005e+01,2.746028464420656334e+01,2.603693355235904505e+01,2.453380621942518758e+01,2.300068748952547537e+01,2.149118110269652249e+01,2.005991262789445528e+01,1.876004058621960269e+01,1.764206356166488021e+01,1.675451755481557470e+01,1.614836441539022616e+01,1.588613241602457471e+01,1.605887490678954066e+01,1.681718943288839796e+01,1.843149047231345961e+01,2.142019656722748167e+01,2.685103654033051868e+01,3.713039137300499704e+01
1.919358686865642838e+01,1.974789738474822798e+01,2.043503300510840148e+01,1.269544371668942517e+01,1.286130269305363250e+01,1.310363990393249622e+01,1.342545200660004845e+01,1.382889569770076754e+01,1.431469926079779320e+01,1.488153406816379132e+01,1.552546545465791361e+01,1.623964670331477933e+01,1.701441452329280679e+01,1.783785797046281374e+01,1.869676413606868692e+01,1.957766422090434233e+01,2.046762575632935466e+01,2.135454095835689969e+01,2.222690199548391732e+01,2.307326812493531065e+01,2.388172448894477995e+01,2.463951569578517820e+01,2.533292045697336192e+01,2.594733434348184176e+01,2.646750631251476449e+01,2.687792535890478973e+01,2.716332917517820889e+01,2.730939150129424320e+01,2.730352886934623413e+01,2.713587053658287829e+01,2.680034899297287154e+01,2.629582789761892769e+01,2.562722137552455237e+01,2.480645107284785666e+01,2.385310842500937767e+01,2.279469039273542208e+01,2.166626227591935105e+01,2.050953561143947468e+01,1.937145888716476350e+01,1.830263284559951842e+01,1.735611108485557352e+01,1.658765240170906807e+01,1.605823718277671119e+01,1.584149052744627006e+01,1.603879623016629807e+01,1.680907113757178095e+01,1.842856323422449094e+01,2.141924866056364607e+01,2.685072844572145456e+01,3.713021922595165591e+01
1.546306988947782912e+01,1.578434493209957346e+01,1.620928223148449021e+01,1.043518620872150926e+01,1.049288449522333089e+01,1.061035184810214638e+01,1.079041792422660251e+01,1.103573746533269251e+01,1.134842294233474824e+01,1.172958325683232772e+01,1.217880555793296615e+01,1.269366848451183216e+01,1.326939970690981063e+01,1.389884205553518903e+01,1.457278700202849642e+01,1.528067852886295874e+01,1.601148615022362520e+01,1.675446629608174476e+01,1.749955683196521505e+01,1.823732574396593620e+01,1.895859167040889659e+01,1.965395436948914210e+01,2.031343503356221092e+01,2.092630439140105381e+01,2.148109835107684518e+01,2.196577111432705465e+01,2.236796808024455174e+01,2.267541464216344593e+01,2.287641559470872110e+01,2.296049392421534563e+01,2.291914045805004463e+01,2.274669072521827573e+01,2.244125674000621018e+01,2.200571858564821426e+01,2.144861350662017330e+01,2.078490761316294311e+01,2.003650379576857077e+01,1.923241564400473891e+01,1.840862710881422259e+01,1.760771558417614813e+01,1.687860023024547473e+01,1.627711577889692407e+01,1.586830647753667733e+01,1.573304047030130981e+01,1.598139491346629981e+01,1.678111338659514828e+01,1.841611388894137136e+01,2.141419305742970991e+01,2.684882216450618486e+01,3.712945862856041401e+01
1.259105001821864178e+01,1.275079368847724304e+01,1.299035884636362326e+01,8.660674566251865159e+00,8.646265391412795154e+00,8.678483466190346718e+00,8.759556507391547342e+00,8.891849589689211797e+00,9.077672218830461048e+00,9.319003629868712224e+00,9.617135297031268237e+00,9.972255188328459141e+00,1.038302360408053104e+01,1.084624094215097934e+01,1.135671926052776115e+01,1.190745653023070005e+01,1.249012897813055112e+01,1.309579361808648912e+01,1.371558159209642547e+01,1.434114813399891375e+01,1.496475470194534374e+01,1.557903035619120935e+01,1.617659059675876776e+01,1.674969700827839603e+01,1.729006336511392306e+01,1.778882182731461370e+01,1.823661531201632968e+01,1.862379282056750895e+01,1.894069777903480656e+01,1.917804963894568715e+01,1.932743613040596031e+01,1.938190769408323888e+01,1.933667880106928649e+01,1.918992555033042890e+01,1.894362942250193882e+01,1.860445215972817934e+01,1.818456261412304897e+01,1.770238696566655889e+01,1.718325887997668744e+01,1.666001215459234075e+01,1.617375323206101001e+01,1.577525447041775131e+01,1.552793195500104240e+01,1.551418084855705537e+01,1.584870006025015954e+01,1.670561597984593405e+01,1.837597310864068234e+01,2.139429253412323817e+01,2.683958507158456896e+01,3.712532259516522259e+01
1.035970621629935629e+01,1.041032950952954472e+01,1.052221028919313106e+01,7.253760494164595229e+00,7.193027166115251170e+00,7.168881280298430525e+00,7.182878234801937545e+00,7.236819000762958254e+00,7.332663277515441003e+00,7.472390746943554873e+00,7.657800371051892263e+00,7.890235394420586523e+00,8.170253678822621879e+00,8.497272919473369157e+00,8.869260652590076788e+00,9.282561446011628803e+00,9.731952151821433361e+00,1.021096772229303085e+01,1.071244402828815545e+01,1.122912179763055285e+01,1.175411023926278098e+01,1.228106518154833893e+01,1.280407481158119865e+01,1.331736695768494805e+01,1.381500921199691234e+01,1.429070641622851312e+01,1.473773440518308142e+01,1.514899146917988837e+01,1.551713605013489961e+01,1.583480931561250493e+01,1.609492735051946255e+01,1.629107797272711267e+01,1.641799454647680534e+01,1.647213993589652858e+01,1.645239405363923169e+01,1.636081992344435676e+01,1.620352275687150012e+01,1.599157426004965643e+01,1.574201760966920105e+01,1.547902863998628753e+01,1.523538740472099384e+01,1.505467177583247818e+01,1.499498685673234988e+01,1.513587850939612700e+01,1.559176948062908608e+01,1.653917612324588404e+01,1.827332659022647121e+01,2.133404348021964481e+01,2.680582080186636418e+01,3.710703480090048600e+01
8.608578001242092270e+00,8.587534504480441200e+00,8.613718846884502511e+00,6.126943639422450794e+00,6.037947839477709522e+00,5.977979742269378782e+00,5.948010947396799253e+00,5.949265866222539501e+00,5.983191633027889367e+00,6.051400225108336528e+00,6.155570135307869784e+00,6.297298803425031899e+00,6.477897265090642342e+00,6.698131597311555829e+00,6.957932279196450409e+00,7.256118504949390591e+00,7.590208736805437617e+00,7.956397493896192330e+00,8.349751871052038865e+00,8.764613957594672655e+00,9.195106485248039974e+00,9.635579474012349266e+00,1.008084628245046410e+01,1.052617922899267988e+01,1.096709978835948185e+01,1.139912867270694186e+01,1.181759210753489775e+01,1.221753675371041226e+01,1.259375237379567025e+01,1.294087521985736622e+01,1.325356261639469757e+01,1.352673808523122112e+01,1.375590955631973245e+01,1.393758268719177273e+01,1.406976665984190689e+01,1.415260209964674765e+01,1.418910087970532530e+01,1.418606115171704829e+01,1.415514158431222924e+01,1.411424185860092706e+01,1.408934285404809117e+01,1.411719418583176910e+01,1.424964356229629026e+01,1.456114778823726574e+01,1.516273512253903810e+01,1.622946045634761703e+01,1.805707208459800839e+01,2.118780569719060480e+01,2.670958588426805136e+01,3.704478434046608726e+01
7.219788736283533126e+00,7.153328351410902286e+00,7.123662155149617980e+00,5.215325585189226842e+00,5.110502122156548310e+00,5.029036718860482758e+00,4.971450521229934694e+00,4.938485668378493010e+00,4.931100833650885029e+00,4.950453232502692202e+00,4.997860217610668343e+00,5.074731164199956623e+00,5.182461105155480752e+00,5.322278313974927677e+00,5.495045307800633161e+00,5.701025370812639714e+00,5.939645593091722908e+00,6.209309888225885921e+00,6.507327850519615708e+00,6.830015982432485089e+00,7.172981937598432722e+00,7.531532041425681001e+00,7.901078570410361657e+00,8.277412641056178799e+00,8.656769910768876031e+00,9.035713868905304480e+00,9.410937123488334777e+00,9.779086385276091420e+00,1.013667287800322292e+01,1.048007835208283822e+01,1.080563884068666347e+01,1.110979489969295742e+01,1.138930755506204484e+01,1.164154493755422237e+01,1.186486199663456098e+01,1.205908554370392949e+01,1.222613718662900339e+01,1.237083776196552876e+01,1.250194476159901491e+01,1.263355412613239537e+01,1.278705756146977279e+01,1.299406561729099252e+01,1.330106591376343417e+01,1.377735245357857607e+01,1.452945156465534460e+01,1.572894239193220578e+01,1.766957273900126779e+01,2.089279872547089667e+01,2.648738168812517202e+01,3.687735038648993680e+01
6.106658871274999179e+00,6.012894382797068005e+00,5.948208956828695548e+00,4.470569564183113798e+00,4.358339141292144170e+00,4.265198617267832226e+00,4.191346251800123213e+00,4.137160062505440550e+00,4.103202705888755020e+00,4.090220967491887016e+00,4.099135877361286262e+00,4.131018251847791589e+00,4.187042299333210593e+00,4.268410296102172374e+00,4.376241050936385157e+00,4.511418974160139150e+00,4.674409968776498836e+00,4.865063735510813281e+00,5.082440416107268710e+00,5.324714875583715923e+00,5.589210555277080772e+00,5.872588876814941905e+00,6.171165567622871606e+00,6.481267080349004672e+00,6.799512045307399610e+00,7.122934404063149927e+00,7.448941658054804904e+00,7.775172560393756704e+00,8.099352414370217801e+00,8.419208382907337196e+00,8.732469882730503841e+00,9.036946802294885117e+00,9.330672200125542659e+00,9.612114688585764455e+00,9.880462704131273810e+00,1.013601780800072838e+01,1.038070907458679137e+01,1.061879383297647905e+01,1.085781909255577737e+01,1.110996155286369103e+01,1.139398639815758330e+01,1.173822729420826683e+01,1.218537352598553447e+01,1.280062101186201140e+01,1.368635989720270452e+01,1.501030214714043787e+01,1.706287173029362947e+01,2.038296307220723946e+01,2.605736325898319450e+01,3.650882537974305819e+01
5.205202652390794604e+00,5.096459903501021849e+00,5.011078879717064005e+00,3.856453018538048561e+00,3.742414372783428256e+00,3.644222081927568802e+00,3.561855451506818149e+00,3.495435003629836501e+00,3.445231022683102218e+00,3.411665613781449391e+00,3.395317895482367732e+00,3.396917914176648345e+00,3.417331962661001032e+00,3.457532253148543955e+00,3.518544299793481489e+00,3.601366356942468094e+00,3.706857496673058083e+00,3.835594306842667667e+00,3.987710153851685924e+00,4.162742104893291106e+00,4.359526351956950485e+00,4.576188028899689897e+00,4.810257225742494036e+00,5.058905411280703923e+00,5.319245617450596875e+00,5.588604933526318597e+00,5.864685292459802746e+00,6.145583988528183106e+00,6.429709830790097058e+00,6.715673124151752660e+00,7.002217617561763419e+00,7.288225441474437183e+00,7.572800950766473527e+00,7.855424354055172032e+00,8.136181563374456971e+00,8.416086107303536679e+00,8.697522156908537028e+00,8.984867282812720291e+00,9.285367700113189571e+00,9.610413958774447707e+00,9.977435614670385533e+00,1.041286675527520522e+01,1.095693515130276197e+01,1.167186751716579174e+01,1.265666952051418903e+01,1.407535115295260475e+01,1.621439636083567137e+01,1.960846170786355813e+01,2.533947313962263337e+01,3.582359795144716230e+01
4.467904648040081916e+00,4.352450219822111777e+00,4.256090040910299521e+00,3.345628891521025938e+00,3.233417637600858985e+00,3.134554644499662146e+00,3.048878254640996044e+00,2.976336828518438615e+00,2.916996046552339017e+00,2.871042566085955983e+00,2.838791896373815238e+00,2.820690392143779590e+00,2.817314498398070910e+00,2.829362498643510637e+00,2.857635188288282002e+00,2.903000101151420154e+00,2.966334907753869654e+00,3.048444755942446349e+00,3.149953766990818416e+00,3.271176901292083716e+00,3.411989641334810308e+00,3.571725540658591491e+00,3.749139552041829138e+00,3.942470290132625621e+00,4.149609276175412198e+00,4.368345561021468093e+00,4.596616959493833754e+00,4.832691905980142977e+00,5.075239376064207164e+00,5.323300396300520099e+00,5.576219436769889626e+00,5.833599844223363640e+00,6.095324947771202595e+00,6.361658848484165851e+00,6.633428611020758758e+00,6.912298262338183896e+00,7.201161654483080099e+00,7.504701739877970290e+00,7.830203089481153178e+00,8.188751696538776770e+00,8.597063288244205737e+00,9.080369075254420608e+00,9.677144735416083776e+00,1.044724382453068579e+01,1.148658550196338979e+01,1.295523515326500963e+01,1.513455862461922408e+01,1.855224804397567695e+01,2.427992647071966203e+01,3.471652124495327030e+01
3.859218329624334753e+00,3.742506696867872851e+00,3.641656375432626103e+00,2.917279136644749027e+00,2.809176487396050970e+00,2.712467364597665131e+00,2.626904823526612809e+00,2.552327834271724161e+00,2.488666658201354132e+00,2.435946054112939851e+00,2.394292558919350444e+00,2.363938655931000277e+00,2.345226857056155190e+00,2.338610870573196721e+00,2.344651813130982365e+00,2.364006636736912803e+00,2.397404884105250211e+00,2.445609165495492565e+00,2.509356175966586999e+00,2.589275511337620905e+00,2.685790037020812537e+00,2.799008447295389779e+00,2.928631481197486508e+00,3.073902081399335184e+00,3.233630094612454986e+00,3.406308005169349062e+00,3.590304275819685920e+00,3.784085362440626543e+00,3.986407280547112464e+00,4.196420901966841477e+00,4.413695271262698228e+00,4.638192400465784182e+00,4.870256114660257651e+00,5.110658752779077219e+00,5.360732659074357365e+00,5.622600048354060576e+00,5.899520694165779844e+00,6.196404103131073704e+00,6.520559842640998305e+00,6.882830829161964203e+00,7.299333835047117525e+00,7.794237130165170058e+00,8.404360368090836531e+00,9.187114067333059353e+00,1.023490535517900391e+01,1.170273308606758533e+01,1.386444664097251511e+01,1.723601443315755688e+01,2.286937151364417176e+01,3.312724119093015673e+01
3.352330958444916575e+00,3.237869257430377345e+00,3.136787565372874731e+00,2.555416232444047697e+00,2.452775987428295945e+00,2.359973406260020390e+00,2.276714626086581372e+00,2.202773728402783515e+00,2.137995621102663169e+00,2.082299634753995043e+00,2.035683776143859536e+00,1.998229393239171925e+00,1.970105888886257484e+00,1.951574843074482590e+00,1.942992285350149784e+00,1.944808197139322514e+00,1.957560029029352666e+00,1.981858306728861097e+00,2.018360246867843877e+00,2.067728288502579392e+00,2.130570976984071496e+00,2.207367179099371857e+00,2.298380126242679289e+00,2.403575971484199769e+00,2.522569996666067738e+00,2.654627220766236473e+00,2.798737200392692248e+00,2.953762322938925600e+00,3.118630269248310771e+00,3.292520784106605092e+00,3.475000134250253225e+00,3.666087777882695242e+00,3.866278322864522554e+00,4.076569785761479103e+00,4.298548648652547044e+00,4.534567445788038498e+00,4.788045150868840416e+00,5.063927672670788915e+00,5.369381446621548371e+00,5.714847794608112430e+00,6.115683138769579585e+00,6.594796704966631395e+00,7.187041063783467187e+00,7.946842619331050628e+00,8.962090214382024911e+00,1.038084228799849384e+01,1.246591693210510599e+01,1.571483455909163141e+01,2.114653913216454839e+01,3.105958098666026146e+01
2.926852799381485237e+00,2.816801665538535282e+00,2.718206449826915172e+00,2.247651326634406477e+00,2.151197414706226496e+00,2.063321421231294917e+00,1.983708210301045938e+00,1.912097152757218366e+00,1.848283694006618072e+00,1.792121625316815958e+00,1.743526009709944535e+00,1.702476699234696467e+00,1.669022356318943912e+00,1.643284708465025501e+00,1.625462459007118499e+00,1.615834621273935623e+00,1.614761423391841033e+00,1.622681797533986892e+00,1.640105112003447330e+00,1.667594347869048699e+00,1.705737865143268195e+00,1.755107607913714896e+00,1.816202918452249682e+00,1.889383851554479188e+00,1.974803569119800928e+00,2.072356853933334353e+00,2.181666883224303799e+00,2.302130650301853265e+00,2.433030185367406784e+00,2.573697156846508349e+00,2.723679942481191940e+00,2.882917545497615031e+00,3.051823394071687456e+00,3.231365868456438584e+00,3.423142569043005068e+00,3.629515718056256723e+00,3.853856170755562527e+00,4.100944821060950929e+00,4.377598172012286071e+00,4.693635380467562790e+00,5.063398749050081804e+00,5.508210743927735464e+00,6.060493148854488865e+00,6.770953575008115344e+00,7.721730730647420771e+00,9.051759971680096939e+00,1.100882070786572164e+01,1.406430522709623965e+01,1.918859842651932723e+01,2.858216579659960033e+01
2.567186956224126959e+00,2.462744875506197140e+00,2.368282490252368699e+00,1.984297896097740876e+00,1.894330173890679703e+00,1.811904260033291747e+00,1.736699746088750329e+00,1.668441672486211447e+00,1.606899762700531031e+00,1.551890457090169706e+00,1.503278262059794201e+00,1.460978202927057268e+00,1.424958749731253027e+00,1.395245259536399329e+00,1.371923630751170409e+00,1.355144305594264464e+00,1.345125527725844261e+00,1.342155602071720244e+00,1.346592802237811970e+00,1.358861414971741288e+00,1.379441757439484384e+00,1.408851990697962853e+00,1.447619500210525434e+00,1.496240730263501018e+00,1.555131120120698096e+00,1.624571460389017785e+00,1.704662519637651030e+00,1.795305836709970126e+00,1.896229355411714002e+00,2.007071222604133176e+00,2.127508647248874674e+00,2.257436529028623795e+00,2.397118154916453303e+00,2.547330662536748225e+00,2.709482417882205674e+00,2.885745325002040840e+00,3.079257617868132346e+00,3.294459680817822811e+00,3.537639415584153291e+00,3.817798393440042126e+00,4.148030570078998558e+00,4.547769589029607928e+00,5.046571327229484538e+00,5.690750348488847976e+00,6.555565179181843227e+00,7.768827341587691393e+00,9.559555785745804002e+00,1.236569806416776984e+01,1.709376720207233191e+01,2.581136518745849884e+01
2.261405930809327280e+00,2.163022345994000339e+00,2.073562371807031735e+00,1.757719719132559977e+00,1.674252378586325696e+00,1.597466224344913810e+00,1.527042380705327718e+00,1.462703406070074097e+00,1.404209350367258358e+00,1.351358154028716951e+00,1.303986102729276508e+00,1.261969183397015470e+00,1.225225589341724541e+00,1.193716996422919729e+00,1.167452552500440666e+00,1.146491741812617704e+00,1.130947918201886448e+00,1.120991784942186209e+00,1.116854270415544192e+00,1.118828011267852363e+00,1.127266316299837534e+00,1.142578196215267017e+00,1.165217464416378856e+00,1.195664207346524233e+00,1.234397381238671265e+00,1.281858891916975995e+00,1.338412958160376087e+00,1.404309137585910028e+00,1.479662574259814400e+00,1.564467972888802683e+00,1.658661192423987796e+00,1.762232157035285240e+00,1.875377811914547221e+00,1.998672886075153698e+00,2.133241040069003169e+00,2.280913983244936105e+00,2.444450184914859658e+00,2.627805346503084838e+00,2.836606061324860484e+00,3.078899761784678724e+00,3.366375768934973589e+00,3.716374518559102835e+00,4.155293865214625626e+00,4.724587665246732016e+00,5.491830992281731660e+00,6.572247410950625479e+00,8.173256250350267038e+00,1.069355343895067101e+01,1.496304946747022235e+01,2.288614961396479330e+01
2.000461080693179294e+00,1.907950539171621607e+00,1.823743821668776244e+00,1.561864489575852444e+00,1.484708361463700887e+00,1.413525632975894064e+00,1.347991417777187673e+00,1.287829419939825248e+00,1.232798893208621127e+00,1.182691562289773346e+00,1.137330448269580963e+00,1.096570385318098140e+00,1.060299567633154805e+00,1.028440230883818751e+00,1.000951494826966437e+00,9.778314950003692552e-01,9.591202700235725853e-01,9.449029996422205757e-01,9.353133671226129264e-01,9.305367263265620359e-01,9.308125938563890367e-01,9.364355809288547050e-01,9.477538840826410516e-01,9.651638137501482584e-01,9.890987920433503833e-01,1.020012063823830584e+00,1.058352381766875405e+00,1.104535307223785123e+00,1.158915409397001550e+00,1.221769898511652297e+00,1.293307201835340425e+00,1.373715006272676620e+00,1.463256225269476296e+00,1.562411146684979490e+00,1.672053772398739646e+00,1.793649837834198513e+00,1.929479474294362173e+00,2.082916680909968843e+00,2.258835123051702976e+00,2.464251174785121457e+00,2.709377508926174905e+00,3.009379962606571368e+00,3.387379595219643491e+00,3.879768211222053953e+00,4.546055384605862670e+00,5.488101764814778072e+00,6.890089704584092090e+00,9.107815495127917771e+00,1.288597288497026661e+01,1.994371608722355660e+01
1.777549164902117784e+00,1.690197486128054427e+00,1.610966432063929643e+00,1.391944485049735336e+00,1.320737611188526062e+00,1.254956486838006091e+00,1.194241461714698138e+00,1.138307064232680910e+00,1.086912734211522569e+00,1.039850369158679122e+00,9.969391956119018072e-01,9.580246707316563137e-01,9.229790994898144918e-01,8.917018059605495983e-01,8.641210472898213091e-01,8.401954323411198189e-01,8.199160180186899627e-01,8.033088459893151789e-01,7.904378463751312589e-01,7.814080174178000826e-01,7.763686982424012895e-01,7.755166150122289048e-01,7.790981612619803931e-01,7.874102928248991606e-01,8.007988036893889383e-01,8.196532655306425497e-01,8.443973108463731503e-01,8.754739966976818888e-01,9.133274651629121887e-01,9.583846211367652579e-01,1.011044430203136502e+00,1.071686214560947148e+00,1.140710493185794094e+00,1.218624295027569193e+00,1.306175533409721812e+00,1.404537586466234167e+00,1.515536340345868149e+00,1.641934356439848974e+00,1.787809823356114824e+00,1.959118126449284736e+00,2.164592031772647474e+00,2.417245888814709698e+00,2.736967316475294343e+00,3.155136423702488369e+00,3.723221450837686408e+00,4.529637104183883878e+00,5.734916635133113338e+00,7.650623361544814927e+00,1.093225414644687987e+01,1.710172567563803270e+01
1.587510418667920531e+00,1.504246653240051135e+00,1.429287959087243820e+00,1.244221109815123016e+00,1.178055744279990824e+00,1.117693641457687903e+00,1.061591400059517465e+00,1.009792076349593559e+00,9.620431200255421533e-01,9.181352987782557262e-01,8.778883754572102127e-01,8.411457615513078245e-01,8.077729748087902895e-01,7.776577581355196278e-01,7.507107049303064494e-01,7.268662911753269729e-01,7.060843080429900498e-01,6.883516239897218281e-01,6.736843961477994025e-01,6.621306719504521654e-01,6.537736486032251770e-01,6.487334313078381154e-01,6.471733826623926600e-01,6.493002393827798091e-01,6.553680713531171431e-01,6.656791743725815058e-01,6.805831349788626916e-01,7.004751732667532371e-01,7.257790457566948294e-01,7.569581499610850139e-01,7.944858381026358440e-01,8.388522101601508796e-01,8.905737780406552950e-01,9.502328362502654446e-01,1.018558128076428204e+00,1.096558268899143984e+00,1.185716157884306288e+00,1.288253144157690766e+00,1.407485974099622617e+00,1.548334193610868104e+00,1.718098444134411817e+00,1.927738175525473219e+00,2.194071156089201224e+00,2.543713550435203974e+00,3.020449379053291139e+00,3.699742337318495888e+00,4.719130203939457147e+00,6.346681232783878635e+00,9.149058597689723626e+00,1.444885021720358687e+01
1.426251499678630852e+00,1.345878515096001760e+00,1.274226477499432075e+00,1.115829359660376108e+00,1.054714401107565092e+00,9.985329787703282056e-01,9.467104326855633190e-01,8.988410800951139867e-01,8.546318164796770089e-01,8.138588538997292288e-01,7.763394967431895832e-01,7.419176611537097177e-01,7.104578055539184644e-01,6.818431678423535480e-01,6.559755944282832374e-01,6.327760319984234716e-01,6.121854033705487197e-01,5.941657728246829695e-01,5.787018931453602466e-01,5.658031266108836110e-01,5.555057698939563915e-01,5.478758244241598296e-01,5.430121250476174222e-01,5.410498150338988177e-01,5.421639849362750452e-01,5.465732299547362283e-01,5.545427883197195928e-01,5.663868323424089413e-01,5.824689744077756748e-01,6.032024285622021864e-01,6.290475430817304980e-01,6.605115329721227280e-01,6.981556785178606450e-01,7.426005643539360657e-01,7.945945096934405871e-01,8.550706954425519868e-01,9.252988354109579205e-01,1.007095724688035210e+00,1.103136104142852680e+00,1.217404094764572342e+00,1.355873969608275109e+00,1.527599821597877661e+00,1.746567389988251007e+00,2.035005745889455930e+00,2.429601120090781219e+00,2.993781841702694013e+00,3.843541660087419043e+00,5.205812172617075184e+00,7.562310361806413361e+00,1.204260316928107422e+01
1.290275442905260750e+00,1.211688417571838317e+00,1.142316407073435958e+00,1.004581143123677522e+00,9.472786843362185349e-01,8.949874984104968512e-01,8.469785098833978454e-01,8.027253835390345538e-01,7.618563210710248557e-01,7.241059213686266149e-01,6.892750086999401837e-01,6.572037487829707203e-01,6.277568414113039452e-01,6.008171099874496379e-01,5.762833596064445008e-01,5.540700581313039441e-01,5.341077196937822347e-01,5.163435987469975341e-01,5.007427077012643890e-01,4.872891442665815975e-01,4.759877773642178789e-01,4.668663590815732012e-01,4.599780500000703598e-01,4.554044394152173547e-01,4.532590274991131762e-01,4.536911555548767683e-01,4.568902837788482163e-01,4.630905830921891453e-01,4.725751552512427733e-01,4.856810941115378144e-01,5.028032625590096449e-01,5.243995087057852222e-01,5.509979000076589140e-01,5.832101389981581008e-01,6.217581716018374394e-01,6.675251807289036554e-01,7.216469618742493708e-01,7.856652506883108344e-01,8.617712616681619808e-01,9.531814505733384735e-01,1.064718202419411508e+00,1.203736219074889258e+00,1.381677538445331699e+00,1.616830221972713089e+00,1.939497940754752570e+00,2.402242231559552188e+00,3.101479034192191175e+00,4.226453276898253897e+00,6.180322721497577554e+00,9.912187643484580590e+00
1.176390987910310715e+00,1.098716125967939439e+00,1.030711323165056204e+00,9.087347359812606440e-01,8.543182398365158914e-01,8.051507396171440067e-01,7.603652864175247661e-01,7.193022459633238164e-01,6.814812675917882867e-01,6.465627747282944870e-01,6.143062054772937541e-01,5.845339684603018116e-01,5.571059371441632324e-01,5.319047897726342233e-01,5.088292736426593965e-01,4.877918219624461371e-01,4.687181942013452507e-01,4.515475599783493332e-01,4.362332695748149525e-01,4.227436367238933124e-01,4.110631122647238622e-01,4.011937963038727517e-01,3.931573205368505408e-01,3.869972055856089055e-01,3.827817205205561457e-01,3.806073353343412680e-01,3.806027841282963453e-01,3.829338479740372891e-01,3.878088264140975849e-01,3.954848306653906409e-01,4.062749798904164433e-01,4.205568649596478359e-01,4.387832032352184664e-01,4.614965179388230143e-01,4.893516742295506705e-01,5.231531176055788102e-01,5.639182598344055775e-01,6.129851057347526222e-01,6.721911413708432370e-01,7.441646107250825537e-01,8.327944874736857850e-01,9.439970351533452098e-01,1.087007038976923301e+00,1.276658900977894140e+00,1.537641141415962087e+00,1.912929136199958968e+00,2.481582005842312366e+00,3.399210113372283626e+00,4.998286795423000584e+00,8.063982651192349138e+00
1.081599736296240399e+00,1.004235181301570190e+00,9.368973201192395406e-01,8.267743122052381155e-01,7.743729979693148024e-01,7.275377638637222644e-01,6.853080687453638742e-01,6.469111779470407830e-01,6.117530460519842173e-01,5.793977274250128318e-01,5.495361097018085506e-01,5.219505354775462180e-01,4.964826004413097071e-01,4.730093506756800070e-01,4.514290137185203444e-01,4.316541355613648379e-01,4.136091458781935293e-01,3.972296483796854405e-01,3.824627462404729950e-01,3.692674841851175116e-01,3.576156168892693499e-01,3.474926375953841240e-01,3.388991218481700041e-01,3.318524544966045542e-01,3.263890083751631033e-01,3.225668750096547521e-01,3.204692284431929772e-01,3.202084877964927467e-01,3.219313922134985351e-01,3.258251940383286582e-01,3.321252848490837128e-01,3.411245539529427218e-01,3.531853397688646812e-01,3.687550828397829217e-01,3.883881022938431293e-01,4.127776939138695367e-01,4.428059775171295787e-01,4.796243113079013964e-01,5.247857556335160378e-01,5.804641501412114435e-01,6.498183586602143125e-01,7.376028587997841557e-01,8.512136872115598774e-01,1.002546392854475776e+00,1.211462448789736746e+00,1.512644105940249784e+00,1.970071653327269745e+00,2.709972181508971012e+00,4.002637761364378655e+00,6.487823997692000688e+00
1.003099503110805424e+00,9.256848055306065026e-01,8.585443673546734322e-01,7.572564588669490337e-01,7.061430161500464875e-01,6.609158758915379961e-01,6.205716612719129888e-01,5.842650309326296032e-01,5.513097210562715178e-01,5.211734957916890343e-01,4.934627414858209216e-01,4.678975465955922952e-01,4.442817098327202507e-01,4.224741926178172124e-01,4.023671733916399651e-01,3.838723868923568650e-01,3.669144283249772820e-01,3.514280523380101107e-01,3.373576753758269486e-01,3.246574445079087323e-01,3.132916942358088264e-01,3.032356167195462970e-01,2.944762026797054788e-01,2.870133666817644147e-01,2.808617225993580990e-01,2.760524389837603620e-01,2.726359265290816958e-01,2.706851298097822656e-01,2.702997082937614870e-01,2.716113399761944658e-01,2.747904686803477325e-01,2.800549586948455905e-01,2.876813310657586609e-01,2.980196705162655446e-01,3.115139437015108648e-01,3.287307532645823427e-01,3.504016325636630791e-01,3.774878765087913979e-01,4.112833796723159296e-01,4.535823358213528222e-01,5.069585880988546345e-01,5.752400222857251277e-01,6.643347909457719691e-01,7.837116501308938332e-01,9.491807288708693502e-01,1.188394002629302504e+00,1.552462133274168821e+00,2.142394726304196251e+00,3.174788015795560803e+00,5.162896657649827858e+00
9.383316589027878019e-01,8.606856593030415281e-01,7.934690173472412900e-01,6.987466827415244053e-01,6.483753151355620137e-01,6.041647849237939960e-01,5.651078670428199002e-01,5.303287243752555780e-01,4.990846681203995328e-01,4.707683828778780888e-01,4.449051326342124968e-01,4.211416307369019174e-01,3.992260438196365557e-01,3.789825543541494590e-01,3.602861331843995596e-01,3.430424755205552234e-01,3.271751739135155268e-01,3.126192141954245995e-01,2.993184499663099629e-01,2.872249784674666406e-01,2.762992414786430984e-01,2.665104209330403373e-01,2.578370636796215032e-01,2.502678440998414300e-01,2.438028370294970937e-01,2.384548484721249750e-01,2.342514124423319410e-01,2.312372839554354409e-01,2.294776789706891307e-01,2.290624840569790155e-01,2.301117465557432629e-01,2.327828745705206870e-01,2.372802040013386460e-01,2.438678783756151880e-01,2.528874927122574667e-01,2.647829772683920058e-01,2.801364663351079143e-01,2.997219551881006860e-01,3.245880561811907983e-01,3.561899702483611319e-01,3.966064940313785425e-01,4.489075976002459556e-01,5.177963305425952178e-01,6.107693810730733253e-01,7.403053866542025352e-01,9.282095762347735146e-01,1.214793985304986057e+00,1.679763599423147236e+00,2.494065950458151715e+00,4.062677242350187790e+00
8.850236994777703758e-01,8.070810523100662159e-01,7.396556732721750738e-01,6.498271597869106353e-01,5.998265987786042253e-01,5.561966922474409492e-01,5.179481051511493073e-01,4.842053084818077613e-01,4.542038564354060060e-01,4.272922436094288012e-01,4.029344138114981932e-01,3.807088327487223034e-01,3.603004266453318505e-01,3.414844033106450572e-01,3.241045255419913174e-01,3.080507655445874349e-01,2.932410663171933218e-01,2.796094739236779092e-01,2.671000577600600168e-01,2.556645588331267760e-01,2.452618143623462310e-01,2.358578557010002352e-01,2.274262888482698475e-01,2.199487948797589076e-01,2.134160279037654873e-01,2.078285477742199960e-01,2.031982707818220379e-01,1.995503081351072128e-01,1.969253947204240573e-01,1.953830960383571846e-01,1.950060619780633053e-01,1.959056929000220215e-01,1.982297863728142706e-01,2.021729623643305496e-01,2.079911149191889519e-01,2.160218406152825399e-01,2.267138912472480838e-01,2.406709308489130839e-01,2.587181468550466823e-01,2.820070739926092140e-01,3.121857469210243541e-01,3.516844033811947767e-01,4.042123857252469810e-01,4.756563426033826869e-01,5.757766129214333395e-01,7.215802296528338600e-01,9.444500119584150477e-01,1.306346743069213057e+00,1.939946236272142688e+00,3.158839370643292010e+00
8.412073549520755478e-01,7.629682639383054132e-01,6.952905696401524560e-01,6.091384431952312495e-01,5.592787427283479884e-01,5.159368099075365421e-01,4.781487062619575457e-01,4.450556289895508111e-01,4.158956914077785449e-01,3.900015351237411942e-01,3.668019518632511522e-01,3.458248563413423571e-01,3.266976237680905837e-01,3.091412419231629460e-01,2.929569847002874705e-01,2.780075663975253297e-01,2.641971924139382422e-01,2.514552206753131736e-01,2.397244082578757762e-01,2.289573159820331716e-01,2.191123547982692932e-01,2.101542494636365332e-01,2.020540011744874909e-01,1.947891675711544424e-01,1.883445005455893773e-01,1.827125848620594628e-01,1.778948542989308990e-01,1.739030626457582496e-01,1.707608037174550564e-01,1.685061736262574439e-01,1.671948453729767969e-01,1.669044181174965946e-01,1.677403108724780378e-01,1.698438750210027326e-01,1.734037272022269649e-01,1.786718673072910657e-01,1.859870172154717283e-01,1.958092396591286921e-01,2.087725486549206200e-01,2.257671673598876938e-01,2.480721578853283260e-01,2.775765092524416500e-01,3.171614536677220264e-01,3.713887896328470495e-01,4.477977452615714560e-01,5.594792082306633274e-01,7.305058407808646681e-01,1.008236853633267538e+00,1.493670627591931588e+00,2.424296301761769357e+00
8.052118499301139654e-01,7.267080191386988686e-01,6.587836205716611770e-01,5.754235308180274400e-01,5.255758148593456802e-01,4.823422592195917846e-01,4.447834468892468140e-01,4.120624490906145132e-01,3.834325484117016014e-01,3.582297928965637590e-01,3.358708956735214080e-01,3.158550579613397247e-01,2.977673327486004551e-01,2.812798794995916007e-01,2.661476668652325572e-01,2.521971280231653512e-01,2.393093958291807322e-01,2.274024272914693390e-01,2.164152578749672928e-01,2.062999212422439443e-01,1.970151604596631079e-01,1.885255194602145357e-01,1.808008950399114245e-01,1.738166304065683065e-01,1.675539509681694961e-01,1.620003944054022871e-01,1.571505581506119908e-01,1.530070638256655069e-01,1.495818671374427866e-01,1.468980271135189863e-01,1.449920989860453147e-01,1.439173244660069129e-01,1.437483780393908339e-01,1.445869624389354569e-01,1.465710368517005591e-01,1.498870145798699705e-01,1.547875902685691973e-01,1.616186666735444921e-01,1.708598124535715412e-01,1.831876043804039067e-01,1.995773071049968261e-01,2.214716494887426779e-01,2.510711945015812185e-01,2.918545840291225657e-01,3.495541880660525957e-01,4.340839103096024720e-01,5.635855461056418214e-01,7.735429059720287936e-01,1.139091699195236895e+00,1.835306979850877651e+00
7.756399119721785196e-01,6.969141140852220806e-01,6.287715317435432771e-01,5.475579211238071897e-01,4.976587653599072736e-01,4.544334771011150353e-01,4.169626783938331638e-01,3.844303070077781381e-01,3.561084223285432282e-01,3.313462954817807948e-01,3.095640031147972593e-01,2.902508133116957212e-01,2.729674340242838060e-01,2.573498345807274101e-01,2.431111990674945655e-01,2.300385916422283683e-01,2.179827806929752199e-01,2.068429435897567725e-01,1.965494326272055059e-01,1.870515931799569820e-01,1.783081278710696993e-01,1.702839140164533471e-01,1.629486671140713827e-01,1.562767537688287967e-01,1.502474491659463729e-01,1.448452204793186648e-01,1.400602428420995027e-01,1.358891869473630998e-01,1.323359944227203155e-01,1.294133689506404283e-01,1.271444643268278274e-01,1.255652835464069750e-01,1.247282747990707125e-01,1.247064924847319928e-01,1.256006464210930040e-01,1.275482310407302644e-01,1.307372154047760915e-01,1.354262990001389999e-01,1.419756492443739193e-01,1.508947873419385077e-01,1.629192445564011660e-01,1.791372786113403226e-01,2.012068091126695268e-01,2.317418925996676815e-01,2.750329134647744866e-01,3.384594674897497546e-01,4.354313665593761984e-01,5.919468351935073258e-01,8.624453732172742138e-01,1.371958442554062296e+00
7.513350030246246369e-01,6.724301884857870615e-01,6.041053849415403132e-01,5.245621615685041039e-01,4.745869451157932462e-01,4.313207444286108472e-01,3.938591966122339527e-01,3.614032740368430807e-01,3.332427565375811751e-01,3.087429967189817548e-01,2.873352665331616596e-01,2.685114445665463534e-01,2.518232045794648322e-01,2.368849176048314076e-01,2.233780552856499957e-01,2.110536305304087368e-01,1.997292344996013380e-01,1.892793459043712323e-01,1.796199790533189733e-01,1.706943165421094255e-01,1.624596633597721607e-01,1.548811428012617231e-01,1.479287797849486441e-01,1.415767352955241420e-01,1.358033595460746423e-01,1.305913621345453912e-01,1.259281778775733773e-01,1.218065485981906365e-01,1.182250742025374446e-01,1.151893367919462202e-01,1.127131548827652457e-01,1.108203793100035472e-01,1.095476282099444587e-01,1.089473694711027008e-01,1.090932941846386173e-01,1.100871782137509969e-01,1.120692072789503668e-01,1.152332223514418441e-01,1.198497998977872819e-01,1.263020865807870374e-01,1.351429001533008545e-01,1.471886620393889900e-01,1.636791392280154966e-01,1.865599811467297253e-01,2.190045642327719810e-01,2.664273483675029808e-01,3.385673980752889611e-01,4.540650204789466460e-01,6.513178093712279626e-01,1.016652967492744697e+00
7.313462163174503372e-01,6.523005499564157317e-01,5.838288414839090112e-01,5.056001706406491047e-01,4.555452537010896141e-01,4.122189816541665941e-01,3.747276708075242824e-01,3.422850657051815793e-01,3.141956796974106902e-01,2.898399840011253170e-01,2.686628552559445215e-01,2.501652942166650018e-01,2.339003157448568126e-01,2.194731614059340641e-01,2.065452500424910798e-01,1.948391544872478121e-01,1.841412792041001723e-01,1.742986609613687565e-01,1.652082182701244684e-01,1.568029288913694308e-01,1.490364837950982624e-01,1.418735728444446564e-01,1.352846419520905563e-01,1.292440911379514334e-01,1.237299948799776422e-01,1.187241618375332319e-01,1.142123933665219609e-01,1.101849169115308169e-01,1.066367778661226756e-01,1.035686975376385738e-01,1.009880116348154805e-01,9.891002661890488379e-02,9.736011925343154849e-02,9.637602717133354757e-02,9.601197484570822560e-02,9.634384583290354909e-02,9.747698996506742875e-02,9.955770507116601387e-02,1.027905511811842143e-01,1.074650837498316303e-01,1.139982257645604513e-01,1.230034341199448128e-01,1.354073563862399909e-01,1.526541522680158747e-01,1.770784338794101076e-01,2.126194929543658296e-01,2.662652152628933178e-01,3.511586089409201028e-01,4.937767826950155148e-01,7.519455719394636528e-01
7.148947867895999453e-01,6.357400159735118184e-01,5.671524877783497010e-01,4.899685183376302211e-01,4.398403123306917628e-01,3.964510192309482206e-01,3.589142197014554836e-01,3.264530609686828178e-01,2.983831804876911908e-01,2.740977658982595710e-01,2.530546802540879492e-01,2.347662558661477161e-01,2.187924545475138094e-01,2.047381556733278152e-01,1.922548404176134262e-01,1.810456773485385751e-01,1.708712326328410414e-01,1.615518355492171765e-01,1.529626328332142349e-01,1.450227871430580795e-01,1.376797280073839835e-01,1.308965198669529983e-01,1.246438066381632126e-01,1.188964294125463977e-01,1.136325808039074098e-01,1.088337168725590776e-01,1.044847324568676933e-01,1.005742884927590952e-01,9.709509213793750260e-02,9.404456086580606500e-02,9.142553280657995940e-02,8.924730380176650046e-02,8.752726065769818320e-02,8.629259777803541254e-02,8.558352331181409700e-02,8.545719284344487077e-02,8.599366386802699547e-02,8.730460541621901105e-02,8.954636116711960081e-02,9.293998684519130804e-02,9.780276622816926058e-02,1.045991958590651583e-01,1.140260805112725817e-01,1.271597299785775237e-01,1.457207505796681846e-01,1.725723001152963954e-01,2.127061554544646682e-01,2.753090211005068122e-01,3.783818613128042685e-01,5.598479439419884462e-01
7.013441801887710936e-01,6.221056848498451863e-01,5.534281002325110999e-01,4.770812438839997505e-01,4.268900091982075207e-01,3.834425390594070615e-01,3.458573313061824583e-01,3.133640584642278237e-01,2.852866407694696904e-01,2.610282068805353517e-01,2.400577056249582897e-01,2.218985469948325240e-01,2.061198388171459894e-01,1.923310976641727232e-01,1.801812930288689829e-01,1.693623606544303051e-01,1.596157102584569720e-01,1.507382934177866618e-01,1.425831985679087699e-01,1.350533843495991537e-01,1.280875069896513785e-01,1.216455192130128371e-01,1.156977640668352125e-01,1.102195375335779798e-01,1.051893706462411759e-01,1.005887090482324997e-01,9.640201164526884803e-02,9.261700233351584377e-02,8.922487144858740060e-02,8.622079921221657839e-02,8.360450148608918053e-02,8.138103385445663585e-02,7.956208427949140738e-02,7.816727247764228281e-02,7.722668224668208237e-02,7.678389164560721347e-02,7.690057352494460152e-02,7.766318345013152602e-02,7.919292504560264401e-02,8.166091973098621448e-02,8.531185392340571993e-02,9.050183358782169785e-02,9.776080906625164713e-02,1.078989808719029997e-01,1.221949987392822318e-01,1.427428511072661999e-01,1.731213616540004385e-01,2.197542355648193224e-01,2.948340672782757688e-01,4.230112148833637398e-01
6.901744329222866403e-01,6.108720004342443888e-01,5.421249489269779342e-01,4.664534108341073515e-01,4.162100205429135058e-01,3.727122444484605723e-01,3.350818646212970209e-01,3.025530739587391493e-01,2.744557633543520669e-01,2.502005772542773565e-01,2.292653723303899604e-01,2.111832681567431813e-01,1.955326582465876928e-01,1.819299725442015125e-01,1.700262694719266443e-01,1.595085305065771508e-01,1.501054014020022365e-01,1.415950580260148806e-01,1.338101838265188803e-01,1.266366539826880577e-01,1.200024596240908958e-01,1.138629488340090062e-01,1.081874896249702261e-01,1.029517025860155061e-01,9.813455609444694805e-02,9.371769092558362990e-02,8.968543081104904391e-02,8.602497671109347877e-02,8.272655442187921981e-02,7.978383541304845394e-02,7.719436369998783354e-02,7.496019061482138424e-02,7.308891544318747713e-02,7.159468389431355995e-02,7.050022289476408355e-02,6.983921238806102549e-02,6.965989758979848623e-02,7.003030441578299292e-02,7.104595603223810840e-02,7.284152124975591669e-02,7.560879548030399744e-02,7.962515683753583484e-02,8.529986494093108607e-02,9.325173234188277593e-02,1.044439270063417108e-01,1.204268192760443862e-01,1.437937914164016673e-01,1.790757686005563787e-01,2.345828979343489440e-01,3.263921647690076755e-01
6.809606851178379161e-01,6.016095001858701163e-01,5.328090657784687600e-01,4.576852939277492593e-01,4.073997304407434572e-01,3.638600531057106791e-01,3.261903052716370044e-01,2.936275877112893840e-01,2.655062630858263106e-01,2.412424793490417496e-01,2.203210151374299375e-01,2.022830164150799248e-01,1.867152945511835471e-01,1.732417373240148772e-01,1.615178990626071898e-01,1.512300429312231909e-01,1.420992804372292473e-01,1.338897473129051774e-01,1.264165252838634623e-01,1.195488740011488166e-01,1.132030815584541966e-01,1.073286517893185243e-01,1.018932561968135114e-01,9.687261245728483183e-02,9.224613809703448297e-02,8.806058735178294572e-02,8.410592130505085973e-02,8.056352486324250273e-02,7.735816451019097983e-02,7.448256069431824500e-02,7.193272320386952245e-02,6.970856232059585711e-02,6.781472318101758323e-02,6.626136492632594965e-02,6.506582686561175610e-02,6.425451819638576534e-02,6.386580532088236006e-02,6.395415246130409237e-02,6.459620116284620073e-02,6.589986907789698034e-02,6.801825079047839340e-02,7.117135410140935925e-02,7.568096576785469931e-02,8.202816823055338047e-02,9.095117116356617182e-02,1.036173238543342118e-01,1.219365052611516981e-01,1.491539356377755976e-01,1.910157569014293011e-01,2.581506392373174585e-01
6.733554997408138787e-01,5.939671042190187711e-01,5.251256744779273511e-01,4.504481390001403018e-01,4.001289374448652736e-01,3.565551616855355821e-01,3.188521546467572021e-01,2.862594817165455829e-01,2.581142988979894248e-01,2.338369262349880573e-01,2.129174266292730155e-01,1.949033691549218184e-01,1.793887510282187459e-01,1.660045266447360279e-01,1.544116883480906033e-01,1.442983071188751187e-01,1.353817940243088602e-01,1.274164169923291956e-01,1.202028601215768128e-01,1.135951733225377125e-01,1.074977445765277900e-01,1.018534032367297976e-01,9.662747565155986595e-02,9.179550317697843242e-02,8.733730355573215975e-02,8.323518228888357462e-02,7.947367921347948949e-02,7.603966824261515489e-02,7.292243639671212863e-02,7.011397430318083712e-02,6.760925468594573828e-02,6.540665260345694676e-02,6.350866159932430643e-02,6.192251190145497269e-02,6.066156210662987380e-02,5.974683264450650344e-02,5.920935844684412780e-02,5.909353855782437798e-02,5.946201825983518652e-02,6.040293082485791859e-02,6.204084689228759469e-02,6.455368661767454941e-02,6.819945597410891069e-02,7.335959707109289407e-02,8.061120913988377434e-02,9.085087878394661198e-02,1.055134343475888359e-01,1.269702497880665082e-01,1.592759518042444200e-01,2.096059000780133574e-01
6.670744344959139704e-01,5.876575562036303602e-01,5.187845941083631951e-01,4.444718349315244788e-01,3.941260046537918282e-01,3.505247558592557433e-01,3.127945228682834089e-01,2.801762732284182600e-01,2.520093687867873689e-01,2.277171448249983854e-01,2.067936714336976456e-01,1.887915688553404581e-01,1.733107648466589434e-01,1.599884766369419897e-01,1.484912034241828160e-01,1.385101241840024366e-01,1.297615193118321075e-01,1.219931153898585752e-01,1.149942799834942075e-01,1.086057523765182331e-01,1.027204917792713806e-01,9.727427007634549538e-02,9.222957591774633146e-02,8.756150451405055046e-02,8.325018747059866053e-02,7.927828797778617431e-02,7.563056501845950852e-02,7.229392592260193429e-02,6.925747993348148335e-02,6.651278424772395781e-02,6.405407534806220604e-02,6.187862157410760344e-02,5.998733711912626609e-02,5.838528066078833151e-02,5.708284139432164700e-02,5.609700747119435171e-02,5.545332062773500326e-02,5.518863910977427761e-02,5.535513583303983826e-02,5.602617700789593730e-02,5.730511950677305566e-02,5.933873334294361562e-02,6.233811576511684438e-02,6.661201680173872708e-02,7.262121037549094937e-02,8.106936959758102856e-02,9.305865029154967993e-02,1.103621503549607752e-01,1.359104479503350782e-01,1.746731715843690691e-01
6.618843278566269861e-01,5.824455555963087283e-01,5.135482607321103510e-01,4.395344990990185385e-01,3.891676600842514655e-01,3.455445088544091270e-01,3.077921581175892540e-01,2.751526315851559601e-01,2.469668582087818642e-01,2.226604001172102498e-01,2.017303630978158346e-01,1.837333087951474875e-01,1.682739685535037388e-01,1.549949033543734367e-01,1.435677347720219488e-01,1.336872520842750378e-01,1.250701887883334529e-01,1.174602001545022728e-01,1.106380164040346448e-01,1.044331027593518174e-01,9.872790116392080040e-02,9.345113961985977713e-02,8.856216873007011214e-02,8.403540888682416166e-02,7.985120410752170883e-02,7.599254542684491520e-02,7.244442648645547933e-02,6.919384844810085033e-02,6.622985070328965551e-02,6.354372011473619075e-02,6.112918456421429642e-02,5.898271345793029696e-02,5.710405357456751346e-02,5.549663985154437706e-02,5.416862562285552907e-02,5.313395246518680393e-02,5.241400594949967989e-02,5.203993921535419315e-02,5.205601238497829797e-02,5.252446076745342224e-02,5.353270708520197624e-02,5.520423528234263272e-02,5.771529250786630594e-02,6.132105105235741843e-02,6.639741163140194802e-02,7.350911605362758783e-02,8.352273568671642057e-02,9.779688905078125216e-02,1.185055199112052121e-01,1.491885862226811910e-01
6.575938100691810506e-01,5.781381216532573974e-01,5.092219670701815248e-01,4.354538125892307709e-01,3.850704075098505541e-01,3.414298303736477691e-01,3.036596638608679566e-01,2.710026841098692740e-01,2.428009620620088793e-01,2.184817166493254748e-01,1.975443612465101473e-01,1.795485270015898527e-01,1.641027986035173414e-01,1.508541969514056169e-01,1.394788875147540130e-01,1.296752985500947974e-01,1.211615000419267729e-01,1.136788123170152237e-01,1.070015096025978413e-01,1.009497302963069804e-01,9.539653538380730990e-02,9.026392491793858164e-02,8.550799839867645469e-02,8.110233546587904130e-02,7.702739415610783402e-02,7.326644658443880187e-02,6.980470960088377974e-02,6.662930261648997154e-02,6.372925910514017078e-02,6.109570522741224197e-02,5.872202150500256679e-02,5.660410180744163827e-02,5.474082676937307851e-02,5.313440903372774332e-02,5.179130425562840367e-02,5.072313101253542178e-02,4.994810028408659675e-02,4.949300734222086828e-02,4.939607512436401671e-02,4.971106495373785877e-02,5.051330995691782899e-02,5.190870525633017180e-02,5.404732830977272695e-02,5.714442021292120283e-02,6.151323136865181201e-02,6.761720616910676940e-02,7.615386179635072472e-02,8.819047178702224543e-02,1.053833219490287743e-01,1.303280932736469999e-01
6.540456197016967232e-01,5.745767861640230789e-01,5.056461181095657231e-01,4.320798779119093269e-01,3.816833914994468557e-01,3.380289579021645285e-01,3.002444901770320862e-01,2.675733410670114165e-01,2.393583239219983783e-01,2.150280012154124898e-01,1.940835176383902683e-01,1.760868988893080356e-01,1.606498083235481378e-01,1.474229421842628285e-01,1.360863839925824936e-01,1.263419751822224546e-01,1.179095416458389167e-01,1.105292341922975707e-01,1.039705745397112857e-01,9.804609706985392692e-02,9.262069608644475649e-02,8.761015302125585436e-02,8.296736002651147746e-02,7.866495826032433858e-02,7.468343646886786702e-02,7.100629643406808356e-02,6.761895154161404187e-02,6.450863968507415669e-02,6.166441988323190238e-02,5.907732637094463557e-02,5.674050400135116634e-02,5.464943243711503640e-02,5.280234935257718115e-02,5.120054344182331518e-02,4.984917312284949109e-02,4.875807180835330795e-02,4.794300459860845187e-02,4.742740784865052961e-02,4.724485503534353592e-02,4.744259496194254411e-02,4.808669713307535398e-02,4.926963486648472390e-02,5.112162369279656809e-02,5.382780683699626978e-02,5.765463033215841027e-02,6.299071917743397087e-02,7.041054601441343319e-02,8.077334880296101194e-02,9.537484189304183679e-02,1.161738573835115196e-01
6.511103772922898214e-01,5.716312674575635411e-01,5.026889095776395644e-01,4.292893631484627215e-01,3.788825193043008910e-01,3.352170542092595684e-01,2.974211167809385770e-01,2.647384245618449872e-01,2.365125188429224590e-01,2.121728058749967616e-01,1.912218225412533334e-01,1.732234697850116301e-01,1.577918692984034421e-01,1.445807252991690717e-01,1.332734412910345223e-01,1.235749287971626420e-01,1.152068997157760094e-01,1.079090836457083785e-01,1.014475653475570976e-01,9.562865912599467777e-02,9.031035022812765323e-02,8.540278921245288146e-02,8.085582023823070785e-02,7.664111037642871993e-02,7.273911644848063407e-02,6.913352196284543172e-02,6.580990506235651072e-02,6.275560713170721949e-02,5.995972302351846445e-02,5.741324211235028507e-02,5.510913484692663011e-02,5.304258560047628301e-02,5.121135332083548430e-02,4.961602669898154683e-02,4.826076893020542213e-02,4.715403361402338567e-02,4.630968817101262930e-02,4.574855897915671571e-02,4.550060871369968063e-02,4.560803609987110901e-02,4.612974680220208873e-02,4.714787261704530413e-02,4.877739937920564511e-02,5.118053642195812686e-02,5.458835013929827507e-02,5.933348974818811183e-02,6.589959193063051057e-02,7.499494903956824277e-02,8.765947581501755403e-02,1.054131740479494483e-01
6.486815323451248227e-01,5.691943401978923900e-01,5.002429139159261240e-01,4.269807140504777720e-01,3.765656409858479381e-01,3.328913728329426225e-01,2.950862294963470522e-01,2.623942240925474789e-01,2.341593769457919194e-01,2.098118037429438920e-01,1.888551093470138553e-01,1.708546662202022337e-01,1.554265620157095906e-01,1.422269546500440074e-01,1.309420305491528769e-01,1.212793913472831192e-01,1.129625958366304306e-01,1.057314094644921099e-01,9.934937651321103236e-02,9.361797530542335932e-02,8.838918709972319598e-02,8.356824031746712400e-02,7.910216507162617927e-02,7.496166833704299981e-02,7.112713342628136648e-02,6.758238551574589914e-02,6.431313721589303201e-02,6.130681719587035422e-02,5.855255724868614620e-02,5.604129826726851615e-02,5.376590688897974618e-02,5.172134073758810624e-02,4.990499859907887581e-02,4.831693616653236212e-02,4.696055070777742368e-02,4.584322534655249637e-02,4.497734753096193500e-02,4.438170296802518983e-02,4.408342905650091542e-02,4.412077799192953842e-02,4.454706831219820001e-02,4.543639280239175626e-02,4.689194853073175295e-02,4.905829029966626842e-02,5.213944294702544530e-02,5.642566317593609299e-02,6.233260696722475042e-02,7.045733312929222669e-02,8.165500670866410182e-02,9.713682466630255141e-02
6.466712548980835251e-01,5.671776756468832614e-01,4.982190574817944584e-01,4.250702433673503311e-01,3.746486065893361306e-01,3.309672924986459264e-01,2.931547471115107384e-01,2.604552051610575791e-01,2.322130506402867722e-01,2.078589574738295698e-01,1.868973559436126197e-01,1.688947864064243021e-01,1.534689128736018704e-01,1.402778926530394432e-01,1.290102294437356634e-01,1.193758421256119334e-01,1.111000063990861680e-01,1.039227844836258241e-01,9.760590480199814178e-02,9.194690806596016175e-02,8.679280909584377590e-02,8.204452582642482450e-02,7.764654802018625124e-02,7.356867197523768442e-02,6.979118392972331886e-02,6.629801967759514636e-02,6.307500094815743363e-02,6.010962633489865675e-02,5.739104868110536661e-02,5.491019390263798122e-02,5.265982443630051052e-02,5.063473076117779026e-02,4.883203444863917081e-02,4.725138060884630231e-02,4.589557337787989605e-02,4.477116238729129949e-02,4.388937679551752763e-02,4.326739930781330762e-02,4.293014461241429630e-02,4.291275975825691036e-02,4.326417412986571787e-02,4.405218130800275106e-02,4.537077488262645369e-02,4.735079244171557650e-02,5.017537920119331807e-02,5.410232148691321297e-02,5.949574740547462770e-02,6.686954448269219475e-02,7.694316831366379561e-02,9.070614050533888639e-02
6.450070884452383524e-01,5.655084145696039899e-01,4.965440808711559795e-01,4.234889366151562973e-01,3.730620434767990545e-01,3.293750709969778812e-01,2.915565588458345347e-01,2.588509121181555295e-01,2.306027896339002403e-01,2.062433152550878501e-01,1.852775559740861555e-01,1.672729860139339497e-01,1.518485374316214109e-01,1.386639971382756520e-01,1.274097906540808400e-01,1.177978102015775630e-01,1.095548765341507330e-01,1.024214816466211680e-01,9.615804303118494212e-02,9.055894840706800453e-02,8.546707279885006059e-02,8.077962175150756041e-02,7.643883166424980669e-02,7.241365968138156750e-02,6.868428529155183593e-02,6.523473194609671899e-02,6.205091087280729945e-02,5.912037669461205763e-02,5.643230062447705114e-02,5.397758301709996293e-02,5.174891050613163179e-02,4.974093499636814131e-02,4.795055791162845804e-02,4.637710135533596595e-02,4.502290471185337734e-02,4.389386440542797363e-02,4.300029926064781460e-02,4.235812856170690505e-02,4.199051105331767786e-02,4.193013268519975995e-02,4.222247099068900111e-02,4.293033276910475371e-02,4.414047801173617835e-02,4.597299836807040851e-02,4.859476907253820754e-02,5.223845093664158251e-02,5.722866039561491647e-02,6.401626131205055692e-02,7.321945878909827399e-02,8.566568851617616109e-02
6.436292175198680132e-01,5.641264749051689842e-01,4.951575598854837112e-01,4.221798411029236142e-01,3.717487218608019894e-01,3.280571897134618720e-01,2.902338656057451560e-01,2.575232546630814023e-01,2.292702648565294044e-01,2.049063531223897783e-01,1.839371022971571790e-01,1.659307300153905762e-01,1.505071918055878311e-01,1.373276041160007288e-01,1.260839826415971754e-01,1.164898869949895915e-01,1.082734985919580895e-01,1.011757915324480450e-01,9.495623242088319094e-02,8.940669077762246342e-02,8.436659452969044737e-02,7.972998252794685770e-02,7.543711963410749954e-02,7.145620691956003356e-02,6.776731687148088157e-02,6.435454406912426151e-02,6.120387466477460875e-02,5.830290936580612149e-02,5.564083297915115717e-02,5.320852211197090592e-02,5.099859810628592366e-02,4.900559694036671354e-02,4.722623964820152342e-02,4.565958788797974677e-02,4.430761029726868611e-02,4.317568531971937434e-02,4.227341147955393508e-02,4.161570815202459556e-02,4.122434201283545208e-02,4.113005037500969824e-02,4.137555592088076883e-02,4.201972387562967481e-02,4.314358315458163146e-02,4.485874683282560504e-02,4.731931055130276370e-02,5.073831633878365249e-02,5.540976849621791905e-02,6.173619958169370564e-02,7.025920417722060496e-02,8.168570830754445788e-02
6.424882328526130282e-01,5.629822206040383525e-01,4.940096211202235077e-01,4.210959294845024181e-01,3.706613996382255860e-01,3.269661808894188670e-01,2.891389384068496771e-01,2.564243097257259407e-01,2.281673440883538739e-01,2.037997808350819895e-01,1.828276146194998397e-01,1.648196606070614079e-01,1.493967031334643703e-01,1.362209448673936119e-01,1.249857156665646202e-01,1.154059763730346522e-01,1.072110888436632742e-01,1.001425127494269818e-01,9.395902509017826920e-02,8.845047183683645009e-02,8.345342621405996142e-02,7.885924058428447903e-02,7.460647346730439611e-02,7.066265627472172184e-02,6.700776030420864393e-02,6.362593928558665790e-02,6.050324355282319516e-02,5.762731327330922887e-02,5.498734453086877999e-02,5.257419306247469032e-02,5.038042402618604643e-02,4.840047504727272576e-02,4.663091629863256454e-02,4.507059486411505583e-02,4.372117776550434737e-02,4.258762639762799646e-02,4.167896331188343517e-02,4.100931095389562242e-02,4.059932773107016724e-02,4.047819907869303069e-02,4.068645258046043461e-02,4.127981370320816384e-02,4.233475153094609644e-02,4.395614949169007052e-02,4.628799616827896507e-02,4.952789407463589061e-02,5.394591491639839226e-02,5.990713387483669050e-02,6.789445124417589628e-02,7.852385036333225932e-02
6.415433002880294167e-01,5.620346492213611489e-01,4.930590741770225494e-01,4.201983493590151220e-01,3.697610573953665214e-01,3.260628485277248245e-01,2.882324300746236800e-01,2.555145195421454352e-01,2.272543025013791240e-01,2.028837355241603635e-01,1.819091438465957888e-01,1.638998249865179502e-01,1.484772365589692167e-01,1.353044700485244445e-01,1.240759406993780234e-01,1.145077824917105774e-01,1.063303704356379914e-01,9.928562527906401036e-02,9.313182096214174532e-02,8.765717538285520971e-02,8.269589873495282462e-02,7.813707659438047515e-02,7.391780320796441373e-02,7.000502484284978899e-02,6.637862062360130877e-02,6.302279450676581685e-02,5.992365288519648642e-02,5.706887103054566340e-02,5.444765590363481039e-02,5.205084643990782328e-02,4.987096064096054743e-02,4.790235307711323415e-02,4.614146741072161495e-02,4.458697146470794875e-02,4.324028329783750207e-02,4.210602338004236500e-02,4.119274783792573752e-02,4.051393785164884159e-02,4.008936363881453191e-02,3.994696931208326779e-02,4.012552766487773037e-02,4.067825449848284924e-02,4.167797682385575991e-02,4.322421103619270705e-02,4.545290703739139626e-02,4.854943592133423302e-02,5.276501264598215668e-02,5.843541529996070655e-02,6.599808259690813361e-02,7.599946312137112470e-02
