nan,nan,3.084161196994421441e-14,1.684568532795962809e-14,1.781847825162134059e-14,1.890332235314232648e-14,2.009544132029765414e-14,2.138878358838816526e-14,2.277713498522723226e-14,2.425521967397884696e-14,2.581933336946685861e-14,2.746737979422923032e-14,2.919841243740300664e-14,3.101197033360572745e-14,3.290747217362992872e-14,3.488377695713270554e-14,3.693890828096790635e-14,3.906985853349225849e-14,4.127243081705922580e-14,4.354109133082562244e-14,4.586880815652509088e-14,4.824691465808747895e-14,5.066495316364046691e-14,5.311058964323332779e-14,5.556948294961380223e-14,5.802531821510398240e-14,6.045979378023194834e-14,6.285279500752532931e-14,6.518267726382028974e-14,6.742670870346903053e-14,6.955251331521822773e-14,7.155532299054744222e-14,7.340621281118147854e-14,7.508851038294203956e-14,7.659676242506693150e-14,7.792131223177037706e-14,7.907850210274135223e-14,8.009933644477293063e-14,8.104019674703157826e-14,8.199200264910282874e-14,8.309319360162614695e-14,8.454848487658399081e-14,8.666055310243246667e-14,8.988132078866398671e-14,9.490726175187335410e-14,1.028624904076058903e-13,1.156732926302336887e-13,1.368932454713776876e-13,1.736687601293644817e-13,2.419134807459017422e-13
2.072962503712411455e-14,2.202092941338609902e-14,2.345329091343536575e-14,1.303658427347876787e-14,1.371676255785757013e-14,1.449241528316734022e-14,1.536213145073486806e-14,1.632256387945438200e-14,1.736902053440120080e-14,1.849637401205146878e-14,1.970002530891413061e-14,2.097655141434224717e-14,2.232397287019455127e-14,2.374142978908611544e-14,2.522870120679964071e-14,2.678566971370228250e-14,2.841191865157801433e-14,3.010647465125548105e-14,3.186764612262567162e-14,3.369290042777709370e-14,3.557876037064283866e-14,3.752069721255662225e-14,3.951304144717017307e-14,4.154889337134500700e-14,4.362005820448325763e-14,4.571702998359704923e-14,4.782899145602855701e-14,4.994391848728973849e-14,5.204874608666388817e-14,5.412967769953003774e-14,5.617267453331975239e-14,5.815645755695730866e-14,6.008345470384899206e-14,6.193723502411832876e-14,6.371302072315572084e-14,6.541713674289689449e-14,6.705555887192241611e-14,6.865930602616827671e-14,7.027758201751871811e-14,7.198959437561398856e-14,7.391744341637989690e-14,7.624564944185261543e-14,7.925263814362162715e-14,8.336429449130640333e-14,8.925050531351719361e-14,9.800993594072457740e-14,1.115469039158611978e-13,1.333968792273769555e-13,1.706935880428405371e-13,2.393394571692095116e-13
1.594345815415800386e-14,1.685578092432982338e-14,1.788803334733653016e-14,1.017662961609243108e-14,1.063656468093287157e-14,1.117466069768401315e-14,1.179207831238062209e-14,1.248828018323858111e-14,1.326105004039613320e-14,1.410686734766832920e-14,1.502159554608141568e-14,1.600129536316956891e-14,1.704289611557215373e-14,1.814450851284666743e-14,1.930533217232628896e-14,2.052529015063165932e-14,2.180454518965794968e-14,2.314321800225348941e-14,2.454106353957956219e-14,2.599737464002477240e-14,2.751087916517121083e-14,2.907967609797296110e-14,3.070116440408539989e-14,3.237201106038041341e-14,3.408809499687894320e-14,3.584450775567876310e-14,3.763557442515701359e-14,3.945491920908056794e-14,4.129561565233441325e-14,4.315041874220907698e-14,4.501211818913860271e-14,4.687408982334770364e-14,4.873105280345051309e-14,5.057322818906988282e-14,5.241483995351746960e-14,5.425664264854054810e-14,5.611775369785451501e-14,5.802161076918045596e-14,6.001823495246151436e-14,6.218213803581645593e-14,6.462722278640029644e-14,6.752614461613200075e-14,7.114180608987410583e-14,7.588117307331127780e-14,8.239231069075536449e-14,9.174969915382216920e-14,1.058314481594244786e-13,1.281444441972214159e-13,1.657877326041940177e-13,2.346180385249341242e-13
1.236245662508973681e-14,1.298820091931679966e-14,1.371242304032378314e-14,8.024488604705528297e-15,8.323225001060163849e-15,8.683774065576627694e-15,9.108643898429702676e-15,9.599264739639760005e-15,1.015571964328801184e-14,1.077667288441680886e-14,1.145958205897921118e-14,1.220119524772735367e-14,1.299821671835386721e-14,1.384793118968924478e-14,1.474857985147969989e-14,1.569939716703429161e-14,1.670036766723253638e-14,1.775186813750009171e-14,1.885434585766479180e-14,2.000809695430058725e-14,2.121315357267644780e-14,2.246916422414285774e-14,2.377545522837754353e-14,2.513090898558313125e-14,2.653399256392327567e-14,2.798278761193884587e-14,2.947493237913699076e-14,3.100786254401229967e-14,3.257876881428639019e-14,3.418490968735269365e-14,3.582387376240361716e-14,3.749404630083654617e-14,3.919525602899260898e-14,4.092967425476052545e-14,4.269739549165758371e-14,4.452054110080019175e-14,4.641316126836068549e-14,4.840616390416506424e-14,5.055063316170380328e-14,5.291359683780508088e-14,5.560697411028024724e-14,5.879576900528412863e-14,6.273160530111767017e-14,6.780602588283879430e-14,7.464683029986595249e-14,8.430224836594057409e-14,9.861586070197244661e-14,1.210468982382062966e-13,1.586228797524562013e-13,2.270811915808004158e-13
9.679690788956832399e-15,1.009432699510587522e-14,1.058711859970219732e-14,6.396867377985265646e-15,6.580680985012439640e-15,6.812158865098165898e-15,7.094129878788413766e-15,7.428935024799007396e-15,7.818124382155775536e-15,8.262200270713110519e-15,8.760494488524162404e-15,9.311262631140939075e-15,9.912024580061632569e-15,1.056008893141460054e-14,1.125310713602191021e-14,1.198947368101388001e-14,1.276845659546860530e-14,1.359006813781989050e-14,1.445479312821159964e-14,1.536331116631796545e-14,1.631629563281176186e-14,1.731430315494348912e-14,1.835772292468528148e-14,1.944676179398990952e-14,2.058145091637461914e-14,2.176166587330820024e-14,2.298717787530791699e-14,2.425773173416267259e-14,2.557317036591942814e-14,2.693363249055001526e-14,2.833982204449587558e-14,2.979341839716007073e-14,3.129763933265278501e-14,3.285804838402110746e-14,3.448370353685383416e-14,3.618398628514959443e-14,3.798946645149482579e-14,3.992812585419001398e-14,4.204790150548471369e-14,4.442244659654618678e-14,4.715258500227374463e-14,5.039836838985181764e-14,5.440045698393321335e-14,5.953416940648596399e-14,6.640382534072459926e-14,7.602353076330337324e-14,9.018588737734091784e-14,1.122699980758874579e-13,1.491682238566879561e-13,2.163681240101015347e-13
7.661633634428158628e-15,7.924696102596072886e-15,8.248117384713231789e-15,5.156864114510901497e-15,5.260681563277486553e-15,5.400706158712237478e-15,5.579480526898173281e-15,5.799451535858941452e-15,6.062749631619543493e-15,6.370939330157852116e-15,6.724786984353069285e-15,7.124114717062934820e-15,7.567813881972368701e-15,8.054062344559224893e-15,8.580721830803692273e-15,9.145809777696232154e-15,9.747893504225023914e-15,1.038628357512258403e-14,1.106099927632034155e-14,1.177257604752362521e-14,1.252183833790706550e-14,1.330971964986469982e-14,1.413716249922912975e-14,1.500508410733748766e-14,1.591437855596130898e-14,1.686595119494716766e-14,1.786076595584813676e-14,1.889994056980750206e-14,1.998485907630029882e-14,2.111735715717930336e-14,2.229997934121273880e-14,2.353633790186851147e-14,2.483163169828716806e-14,2.619336717985546134e-14,2.763237613943016738e-14,2.916428148100436310e-14,3.081158512606724469e-14,3.260226096833094347e-14,3.459157161341911274e-14,3.684374234049612625e-14,3.946125021995818602e-14,4.258989764933279655e-14,4.645887601136381155e-14,5.142353120045398492e-14,5.805788901952548339e-14,6.732934622278274440e-14,8.095600620995783156e-14,1.021919823110639486e-13,1.377054836391074511e-13,2.025472887446543657e-13
6.133544299963380963e-15,6.290312984526646090e-15,6.492865122912293245e-15,4.203535250252350818e-15,4.252901163492722610e-15,4.329623501365102986e-15,4.435714890860998642e-15,4.573291032321117921e-15,4.744444996525625561e-15,4.951078043979449401e-15,5.194698205239652896e-15,5.476219872427287626e-15,5.795810287017374257e-15,6.152855758283950177e-15,6.546082162978933301e-15,6.973844952719257610e-15,7.434515768051318649e-15,7.926849357904583420e-15,8.450212387927207295e-15,9.004622577543672033e-15,9.590631091733525000e-15,1.020914322346859880e-14,1.086126490446141864e-14,1.154821307075137285e-14,1.227129246643868292e-14,1.303191533024332869e-14,1.383165422937641479e-14,1.467232665781112530e-14,1.555610986998527698e-14,1.648571239526506730e-14,1.746460446985507503e-14,1.849735276901691069e-14,1.959006981165234181e-14,2.075108177462378752e-14,2.199182644348063308e-14,2.332817138075683111e-14,2.478230404387911115e-14,2.638549409805281871e-14,2.817846157905162083e-14,3.023229220174524908e-14,3.263709392446541309e-14,3.553180298907792247e-14,3.913016717402947576e-14,4.375856315765372676e-14,4.995447586286042532e-14,5.862431127046192738e-14,7.138543652372199133e-14,9.131662321759910636e-14,1.247597071694354570e-13,1.861053772693607285e-13
4.966478523494494129e-15,5.050300194178526803e-15,5.168555389158666195e-15,3.463052198977276285e-15,3.476194327081951643e-15,3.510064129490812109e-15,3.566122947471819044e-15,3.646004726179169973e-15,3.751458821760480213e-15,3.884258898578636666e-15,4.046074919704046795e-15,4.238315180555462099e-15,4.461955709162313747e-15,4.717397134439658906e-15,5.004397613461065950e-15,5.322129793034399623e-15,5.669379430190946879e-15,6.044851344005472956e-15,6.447495505734782092e-15,6.876749477440832342e-15,7.332630747252967082e-15,7.815684371006052483e-15,8.326853502631549426e-15,8.867351533519691993e-15,9.438585851535154245e-15,1.004214364248608534e-14,1.067982577646974470e-14,1.135371977431710073e-14,1.206630905834005798e-14,1.282062399181662097e-14,1.362045541896592138e-14,1.447064723473726028e-14,1.537750555138253168e-14,1.634937740404256771e-14,1.739745941502831478e-14,1.853696604402317747e-14,1.978880897252529046e-14,2.118207790373517674e-14,2.275776459588002010e-14,2.457122414357084533e-14,2.671364745650196058e-14,2.930859618430147600e-14,3.254834486410260898e-14,3.673648074878902987e-14,4.235939722691668203e-14,5.025127001193384259e-14,6.190480407923245697e-14,8.017630789538312311e-14,1.109823147946724474e-13,1.678281695194856795e-13
4.066194102288953244e-15,4.100996693677925904e-15,4.161697798177121679e-15,2.881607410099414985e-15,2.871289209425870490e-15,2.876823006146577698e-15,2.899198782879237463e-15,2.939581555705728819e-15,2.999292327172329510e-15,3.079769214706812441e-15,3.182503504014226893e-15,3.308943733833683944e-15,3.460373261003133341e-15,3.637770808898648212e-15,3.841681188464297971e-15,4.072134928802408236e-15,4.328659233246859737e-15,4.610406182450181269e-15,4.916385618077741811e-15,5.245743864430494505e-15,5.598002243334567347e-15,5.973185082549859988e-15,6.371821957518604013e-15,6.794863847540507842e-15,7.243585456833454602e-15,7.719522519422059987e-15,8.224466132850399800e-15,8.760510361908694686e-15,9.330141426231265466e-15,9.936374087095612379e-15,1.058293439614945886e-14,1.127452456046739694e-14,1.201717583888746722e-14,1.281875447583922994e-14,1.368967424424484778e-14,1.464391187904707556e-14,1.570048910046572358e-14,1.688565507828614371e-14,1.823617047458478679e-14,1.980438164850637378e-14,2.166623994347635778e-14,2.393112878825214203e-14,2.677651514271600075e-14,3.046897199325709841e-14,3.544980301915629486e-14,4.246543145329951013e-14,5.286746017890290842e-14,6.925307023787899696e-14,9.703280348630730056e-14,1.486335791991248118e-13
3.364153734032823167e-15,3.366765921986239370e-15,3.388996391695682455e-15,2.419969275555135903e-15,2.394997941331388202e-15,2.382320187587926034e-15,2.382562797279789178e-15,2.396502397739385910e-15,2.425064590215800363e-15,2.469313462682236388e-15,2.530426004422921338e-15,2.609647087854885492e-15,2.708220118317024063e-15,2.827293310500213182e-15,2.967808142977013874e-15,3.130387436739102675e-15,3.315252445378333682e-15,3.522204652595891045e-15,3.750700656171173535e-15,4.000022558881488515e-15,4.269507748094226281e-15,4.558771707287946901e-15,4.867854250857637379e-15,5.197268096116514766e-15,5.547954729309777957e-15,5.921217441193033070e-15,6.318675217161966820e-15,6.742266336811310301e-15,7.194307109081189718e-15,7.677599354605873333e-15,8.195590000372559599e-15,8.752594951962115186e-15,9.354107062320886957e-15,1.000723156450380060e-14,1.072129690457280802e-14,1.150873667975329631e-14,1.238635962216404627e-14,1.337725527927526010e-14,1.451363822937480173e-14,1.584127573004561598e-14,1.742651226537517636e-14,1.936777731273718466e-14,2.181222051955751054e-14,2.500136220194961456e-14,2.931923296861362982e-14,3.542777455349209650e-14,4.452751467875139725e-14,5.892999128942832304e-14,8.348854210061879512e-14,1.294148324927841554e-13
2.810556180660212637e-15,2.792633402432955855e-15,2.789758459409698616e-15,2.049433921202615628e-15,2.015812739652350786e-15,1.991887386065910618e-15,1.978022137562940996e-15,1.974699951446615425e-15,1.982528173223844789e-15,2.002240184516819872e-15,2.034690226329493606e-15,2.080837470085016100e-15,2.141715298977559431e-15,2.218381676441844131e-15,2.311849039029782400e-15,2.422996796452191472e-15,2.552477634817000487e-15,2.700638946170096705e-15,2.867487978692412905e-15,3.052728470147412551e-15,3.255879609618964441e-15,3.476459150597765905e-15,3.714182167004114089e-15,3.969116878843409083e-15,4.241759957952741602e-15,4.533034864327538808e-15,4.844252832202476830e-15,5.177084492199764750e-15,5.533574699411805239e-15,5.916212619713433918e-15,6.328056951090904978e-15,6.772922101080337944e-15,7.255641089616139792e-15,7.782432159588314135e-15,8.361420663534619055e-15,9.003384793724818871e-15,9.722842999547213847e-15,1.053967066243654148e-14,1.148154198886645148e-14,1.258772694335085442e-14,1.391513480993912448e-14,1.554825974615410744e-14,1.761613031368740339e-14,2.031969795446785691e-14,2.399780941507043843e-14,2.922255357917577137e-14,3.703747214744002795e-14,4.947266685918890493e-14,7.079378856422422394e-14,1.109287859616852195e-13
2.369123295157947236e-15,2.338639642956274129e-15,2.319885823360951627e-15,1.748878460843405522e-15,1.710652072652021110e-15,1.680212466500905190e-15,1.657742620782506547e-15,1.643515952419086015e-15,1.637903121018998335e-15,1.641377689655312041e-15,1.654519171788295670e-15,1.678011437801281721e-15,1.712633376674484641e-15,1.759238651553547969e-15,1.818721016389131903e-15,1.891962761228627566e-15,1.979767566695458380e-15,2.082784325631775727e-15,2.201436680689694324e-15,2.335880842336815297e-15,2.486015909706331600e-15,2.651562592974644556e-15,2.832204262201904228e-15,3.027758329987698131e-15,3.238329651483475385e-15,3.464406788019776910e-15,3.706892591089757006e-15,3.967093426220920529e-15,4.246710983284590954e-15,4.547869567313534542e-15,4.873198340605587107e-15,5.225976015657288074e-15,5.610345300377362855e-15,6.031620929524337988e-15,6.496723239997671080e-15,7.014807858302397049e-15,7.598175634500225001e-15,8.263632515625521809e-15,9.034551810844516342e-15,9.944079736816086888e-15,1.104026338157180638e-14,1.239450568566607028e-14,1.411601453364398554e-14,1.637753822844935998e-14,1.946336843625068853e-14,2.386059817862936834e-14,3.046913265122431693e-14,4.103150881924841064e-14,5.924461583943914891e-14,9.373883054759342267e-14
2.013293374652234818e-15,1.975645257484273794e-15,1.947307664245382866e-15,1.502643351415409031e-15,1.462501389171492273e-15,1.428727035418140049e-15,1.401382548368424667e-15,1.380597865309364801e-15,1.366577092295767799e-15,1.359603114230976458e-15,1.360044252672137665e-15,1.368357391918028407e-15,1.385088638838824396e-15,1.410868661827222375e-15,1.446399893926337051e-15,1.492432790265628366e-15,1.549729120724129938e-15,1.619011208104221732e-15,1.700901672962028716e-15,1.795863116541712863e-15,1.904154536919855873e-15,2.025825226877477612e-15,2.160763003107646423e-15,2.308799439536540341e-15,2.469852897543719027e-15,2.644072850379210830e-15,2.831948077910573848e-15,3.034362885120461565e-15,3.252613704135017505e-15,3.488421082631030778e-15,3.743972422413903654e-15,4.022018352051170219e-15,4.326038351971728532e-15,4.660488561181635922e-15,5.031161067595377717e-15,5.445702604603222334e-15,5.914371054643416438e-15,6.451165143442122333e-15,7.075539098951512306e-15,7.815080422380702437e-15,8.709791184834263929e-15,9.819186335132758963e-15,1.123443324321737396e-14,1.310004983378437676e-14,1.565449925676153903e-14,1.931037161381754045e-14,2.481970777048163031e-14,3.366755572920118675e-14,4.899735493069657760e-14,7.820040361607444882e-14
1.723483507387487641e-15,1.682280959976557044e-15,1.648609257329956217e-15,1.299020419874329604e-15,1.258721308524014850e-15,1.223718745941113153e-15,1.193997373025808487e-15,1.169592493267930142e-15,1.150594921563975838e-15,1.137154846510969450e-15,1.129487901327616933e-15,1.127879587650352129e-15,1.132689346293922583e-15,1.144352450897447510e-15,1.163378352486666953e-15,1.190343131437256606e-15,1.225874099987065433e-15,1.270623892953622449e-15,1.325233401932704898e-15,1.390285192346629696e-15,1.466253687207201691e-15,1.553464276931071565e-15,1.652077909568664068e-15,1.762117591441303074e-15,1.883544160341950174e-15,2.016372609583769760e-15,2.160802806963770039e-15,2.317332701913311163e-15,2.486833702259849388e-15,2.670592121235985183e-15,2.870342927547525597e-15,3.088329329178335454e-15,3.327416829895984468e-15,3.591282916396351368e-15,3.884704517738594699e-15,4.213980383093186545e-15,4.587552322323197480e-15,5.016931392851692533e-15,5.518110714876663881e-15,6.113770586006953176e-15,6.836819790562303770e-15,7.736266524895757965e-15,8.887300809768162185e-15,1.040934728859270756e-14,1.249993481034650823e-14,1.550179643923303967e-14,2.004443538304636191e-14,2.736201162243575672e-14,4.010234282923231551e-14,6.449927672929180381e-14
1.485137192337778073e-15,1.442763923088593460e-15,1.406591340640757990e-15,1.129175314191346570e-15,1.089840712625355367e-15,1.054980065042311565e-15,1.024530123515742313e-15,9.984658796049623058e-16,9.768039237590004100e-16,9.596052374832801885e-16,9.469799399985430410e-16,9.390912684270762479e-16,9.361600373074226881e-16,9.384685417066458505e-16,9.463632069348741220e-16,9.602548168564091066e-16,9.806147921978239689e-16,1.007965465737152371e-15,1.042862758290313046e-15,1.085869629006363721e-15,1.137521108108001123e-15,1.198284593117856549e-15,1.268523826711474807e-15,1.348479525162972214e-15,1.438281093228547533e-15,1.537999523989895393e-15,1.647739793940184175e-15,1.767755567944354663e-15,1.898562840674593330e-15,2.041028068082774848e-15,2.196432065083582278e-15,2.366525297978772185e-15,2.553607894910748749e-15,2.760664460129387548e-15,2.991583577672640372e-15,3.251493411410614727e-15,3.547262989501846401e-15,3.888255802376701991e-15,4.287478626108418455e-15,4.763383085486776821e-15,5.342758389668272512e-15,6.065539282422119786e-15,6.993082917333793611e-15,8.223016283774265492e-15,9.917165712648888586e-15,1.235702694593489179e-14,1.606111863185309620e-14,2.205232749593894287e-14,3.252252655416229932e-14,5.265955232702318911e-14
1.287337347590128950e-15,1.245334327783817632e-15,1.208523533869693587e-15,9.863784096193256611e-16,9.486965204679020472e-16,9.148448834494106655e-16,8.847323990576732493e-16,8.582973214443576298e-16,8.355091800301040089e-16,8.163711541580488347e-16,8.009229338733333445e-16,7.892440372343426538e-16,7.814574890754339563e-16,7.777336743724885106e-16,7.782939833712163509e-16,7.834138884712066299e-16,7.934242795964810820e-16,8.087102515178666293e-16,8.297056388126138848e-16,8.568818593899538375e-16,8.907296518575381139e-16,9.317336287312497557e-16,9.803417131151523121e-16,1.036935109450949197e-15,1.101808480922683198e-15,1.175172603021538672e-15,1.257190108406518724e-15,1.348047499572669256e-15,1.448054586045587103e-15,1.557752768496259749e-15,1.678013305896410279e-15,1.810119380084415640e-15,1.955844071351819167e-15,2.117552735669175092e-15,2.298364385956124796e-15,2.502407976908646929e-15,2.735218721153386957e-15,3.004341451105680815e-15,3.320258118108514662e-15,3.697842572459537039e-15,4.158703904853538110e-15,4.735086360068415598e-15,5.476594108343638385e-15,6.462282938352434048e-15,7.823446616861790986e-15,9.788987631648802290e-15,1.278163184339426796e-14,1.763771863576862113e-14,2.615525989763628612e-14,4.261151620817550132e-14
1.121824756732479642e-15,1.081153856695486440e-15,1.044901663225414179e-15,8.654537661580826214e-16,8.298192457525296996e-16,7.975016748907549289e-16,7.683953315743167663e-16,7.424174424504922819e-16,7.195093022702246956e-16,6.996377727784071296e-16,6.827971804082497047e-16,6.690116346787972372e-16,6.583377632244973231e-16,6.508678039765270932e-16,6.467329229587892019e-16,6.461066734273808064e-16,6.492079808998911262e-16,6.563032815883358710e-16,6.677069173422305996e-16,6.837786460858687984e-16,7.049169887006009129e-16,7.315473426529374599e-16,7.641041582563836717e-16,8.030083587285247472e-16,8.486435544145821526e-16,9.013381091873793085e-16,9.613628986405313270e-16,1.028955100461615916e-15,1.104373808602478022e-15,1.187985789023936260e-15,1.280362344628764557e-15,1.382392925367283611e-15,1.495373263343138366e-15,1.621110888124369864e-15,1.762052798261762543e-15,1.921479041336024287e-15,2.103806767312774861e-15,2.315064896696017912e-15,2.563632834498364228e-15,2.861405371531608682e-15,3.225674941863015833e-15,3.682266970458278025e-15,4.270958457937231842e-15,5.055234098821318703e-15,6.140711005701870218e-15,7.711892332524783587e-15,1.011028600476403630e-14,1.401328809645468053e-14,2.088142113265889966e-14,3.420045362993809409e-14
9.823101590601948520e-16,9.435229433465339924e-16,9.085661607830820960e-16,7.623824103165452640e-16,7.289922350464849411e-16,6.985024502136572206e-16,6.708010233259068855e-16,6.457946122430704148e-16,6.234086000879063823e-16,6.035882748035521652e-16,5.862998346651596186e-16,5.715319429601517222e-16,5.592976052012446034e-16,5.496364158094465737e-16,5.426171301389934988e-16,5.383406128594276839e-16,5.369428367493212307e-16,5.385978603310725035e-16,5.435203108582719361e-16,5.519668174299283009e-16,5.642355204742550825e-16,5.806627536543045160e-16,6.016158563415632416e-16,6.274814562820946346e-16,6.586495786445591166e-16,6.954959194621418217e-16,7.383670627079258292e-16,7.875765383695924398e-16,8.434207849328386142e-16,9.062229773899318331e-16,9.764021075019982489e-16,1.054573459403788852e-15,1.141649393033110853e-15,1.238954219471896254e-15,1.348347290989029631e-15,1.472381637415352637e-15,1.614538604473475042e-15,1.779594021174443353e-15,1.974197306675964284e-15,2.207794653803467097e-15,2.494127250019996701e-15,2.853734387481609214e-15,3.318283590463060265e-15,3.938383003423878160e-15,4.798355803367603129e-15,6.045765198589710467e-15,7.954295519085708550e-15,1.106803897278289940e-14,1.656309615089482108e-14,2.725446570365335180e-14
8.640015928098607641e-16,8.273350783436801791e-16,7.940802391807573335e-16,6.740162625641775200e-16,6.429340189906768700e-16,6.144100851174387517e-16,5.883301355832304188e-16,5.645964991609591428e-16,5.431268614448509956e-16,5.238546718063671975e-16,5.067296269583291725e-16,4.917185799353633902e-16,4.788069819105203706e-16,4.679999485178093647e-16,4.593245444618568469e-16,4.528317789206072234e-16,4.485990947131149523e-16,4.467330900587516972e-16,4.473723160021585278e-16,4.506898955151842037e-16,4.568955494580646885e-16,4.662365099255520373e-16,4.789965032332288880e-16,4.954920702520310142e-16,5.160655816082559825e-16,5.410749283434239829e-16,5.708812209085418495e-16,6.058379120386095356e-16,6.462872293100510128e-16,6.925717796072913406e-16,7.450690421522804379e-16,8.042531497083698852e-16,8.707827493019219170e-16,9.456092845265697890e-16,1.030102650852468763e-15,1.126194149548090091e-15,1.236580246767058313e-15,1.364999667679828884e-15,1.516687347236197304e-15,1.699095540907197687e-15,1.923075856067834108e-15,2.204861271082853455e-15,2.569504204881289129e-15,3.057086038815295858e-15,3.734480428458725746e-15,4.718895885419026518e-15,6.228099506233503599e-15,8.695877251786641476e-15,1.306197719669963534e-14,2.158131608818442649e-14
7.632729266230111450e-16,7.287027847427539178e-16,6.972977636457844920e-16,5.978745337921283893e-16,5.690694785365184527e-16,5.425439454585247268e-16,5.181793583219700761e-16,4.958762099465333503e-16,4.755492174246156131e-16,4.571263076460940510e-16,4.405483641659989239e-16,4.257696736851764139e-16,4.127588243236535766e-16,4.014993303093631326e-16,3.919912030681099803e-16,3.842523349120201237e-16,3.783203317716471831e-16,3.742546482158153620e-16,3.721389837369419894e-16,3.720838636931253158e-16,3.742292551748251400e-16,3.787469271326370437e-16,3.858422363388015454e-16,3.957547633950292097e-16,4.087571465363276964e-16,4.251517754536785824e-16,4.452649251811092131e-16,4.694393268795481921e-16,4.980273018618513863e-16,5.313890641633822576e-16,5.699025687442585542e-16,6.139925469977785862e-16,6.641848749824354073e-16,7.211890624965803486e-16,7.860081704667661978e-16,8.600762276942640522e-16,9.454321713656346484e-16,1.044957163418445352e-15,1.162728886727338024e-15,1.304583683072568772e-15,1.479039819868408635e-15,1.698854827363827919e-15,1.983735651732915757e-15,2.365243292725906838e-15,2.896097594908323223e-15,3.668824013289568507e-15,4.855592788360156942e-15,6.799949069985980122e-15,1.024757775795185319e-14,1.699158948825642941e-14
6.774016824394208226e-16,6.446893057916079719e-16,6.150653748628673766e-16,5.320040362177043597e-16,5.053679357803804956e-16,4.807969553212096643e-16,4.581579199257896002e-16,4.373462697339702459e-16,4.182749944211702328e-16,4.008699838473790085e-16,3.850681928262619679e-16,3.708173805774910067e-16,3.580765419092994987e-16,3.468162022075938912e-16,3.370194592340947995e-16,3.286828830713054152e-16,3.218177818616714813e-16,3.164517435299126652e-16,3.126304599152364321e-16,3.104198345155939002e-16,3.099083339635227021e-16,3.112095115486498917e-16,3.144645315447360934e-16,3.198445029422682248e-16,3.275521620744832240e-16,3.378226569522382092e-16,3.509228852479507306e-16,3.671492740268984044e-16,3.868244567761661599e-16,4.102944123673377067e-16,4.379294418731997213e-16,4.701343365329369124e-16,5.073747730087927298e-16,5.502272789445234021e-16,5.994582185994313098e-16,6.561371905075668735e-16,7.217880101643814584e-16,7.985934176818035484e-16,8.896859841403936545e-16,9.995925590682423363e-16,1.134954535096197253e-15,1.305742593482037676e-15,1.527378253041243483e-15,1.824583860307989297e-15,2.238698081747929025e-15,2.842356215921761676e-15,3.770892849219970694e-15,5.294747294776498346e-15,8.001879898887022765e-15,1.330870323631803955e-14
6.043253739070294146e-16,5.730878499171304601e-16,5.450040406911319286e-16,4.748843644343174497e-16,4.500925842362758625e-16,4.275069824692227099e-16,4.065413049710125734e-16,3.872154778343885084e-16,3.694366853694963335e-16,3.531289607566861000e-16,3.382278013790592978e-16,3.246782295017973166e-16,3.124343260757795667e-16,3.014594231364508357e-16,2.917265410395798741e-16,2.832190081573728560e-16,2.759313047967555006e-16,2.698700995709583411e-16,2.650555498867717122e-16,2.615228694838125482e-16,2.593242909196519311e-16,2.585306102863810825e-16,2.592347656147099048e-16,2.615532096400296975e-16,2.656291161522841454e-16,2.716347435750236225e-16,2.797734775652978365e-16,2.902820802943697830e-16,3.034270741993512609e-16,3.195133871336184047e-16,3.388767589104094793e-16,3.618921629781171608e-16,3.889849411032971741e-16,4.206570272779360089e-16,4.575353498586779203e-16,5.004507711244709662e-16,5.505563569178584992e-16,6.094965028211715854e-16,6.796489497793569868e-16,7.644851681505610715e-16,8.691388398555423811e-16,1.001353456522832632e-15,1.173134334838269514e-15,1.403752212215189243e-15,1.725461943525509201e-15,2.194993681832332510e-15,2.918163017133990944e-15,4.106675961257556146e-15,6.221418749654911473e-15,1.037432337449034331e-14
5.424120141439321929e-16,5.122127697440885810e-16,4.853215704963998742e-16,4.253518725319186014e-16,4.024246986842456150e-16,3.813693002673588155e-16,3.619691863814292473e-16,3.440722258874657885e-16,3.275693021385207045e-16,3.123779178748023014e-16,2.984315011284029839e-16,2.856739504031794568e-16,2.740573961226697499e-16,2.635416194494745271e-16,2.540941160798718428e-16,2.456904255554389622e-16,2.383146558987727681e-16,2.319601594605994421e-16,2.266304135707277316e-16,2.223401206500190765e-16,2.191165527062179074e-16,2.170011884163112049e-16,2.160516329892321641e-16,2.163438585105057996e-16,2.179747306213851989e-16,2.210647862474584262e-16,2.257611742915098508e-16,2.322406657016739091e-16,2.407124122749439792e-16,2.514211275793304610e-16,2.646498577159613196e-16,2.807244704958012363e-16,3.000224051867856498e-16,3.229821094885999533e-16,3.501422180299924038e-16,3.821804609783569756e-16,4.200012826306771626e-16,4.648625448562801529e-16,5.185682452352129639e-16,5.837596051926915190e-16,6.643692706085875706e-16,7.663659280134060702e-16,8.990405445561981074e-16,1.077339567148824120e-15,1.326310856899793695e-15,1.690049376848530890e-15,2.250875756210134696e-15,3.173646377080328433e-15,4.817624734216187323e-15,8.050541630050206028e-15
4.902747080561844264e-16,4.607083177014746346e-16,4.346345616825007235e-16,3.825181534418998112e-16,3.609960203193895418e-16,3.413736404215743170e-16,3.233755490654869760e-16,3.068032873429499476e-16,2.915172195019442952e-16,2.774183219335933201e-16,2.644329596774527215e-16,2.525027006900279420e-16,2.415787229291311680e-16,2.316194255091813743e-16,2.225896952693530454e-16,2.144608733562122013e-16,2.072110243809489298e-16,2.008253485702714047e-16,1.952967550548712721e-16,1.906266027099945005e-16,1.868256350163510579e-16,1.839151579251401893e-16,1.819284716044143335e-16,1.809126189325971526e-16,1.809304657452727939e-16,1.820631567913927424e-16,1.844129486512202273e-16,1.881064783854214312e-16,1.932982583513453928e-16,2.001749817839671495e-16,2.089598928840920035e-16,2.199184665304250507e-16,2.333658750627918852e-16,2.496783192347186434e-16,2.693118138240935640e-16,2.928343239747717431e-16,3.209801836252621166e-16,3.547397298290379374e-16,3.955026349415936125e-16,4.452837751879930680e-16,5.070817585277620338e-16,5.854654399917357536e-16,6.875782456086609579e-16,8.249484496225700986e-16,1.016931575109854060e-15,1.297637949854780463e-15,1.730795831293097446e-15,2.444115692895943439e-15,3.716103597326446183e-15,6.219917300231118099e-15
4.466567005431218062e-16,4.174025515456450228e-16,3.918111567566992527e-16,3.456775774088928474e-16,3.252175126631993877e-16,3.067463072594371914e-16,2.899360837153537210e-16,2.745375295902552635e-16,2.603693977455717476e-16,2.473039935350943372e-16,2.352513843358471805e-16,2.241457475947035703e-16,2.139357033691737405e-16,2.045787650679061217e-16,1.960388259403544595e-16,1.882853036122938581e-16,1.812930826228637998e-16,1.750426399861525313e-16,1.695204583362711576e-16,1.647194745321823481e-16,1.606397134796360542e-16,1.572891033369500650e-16,1.546844937600300316e-16,1.528529398994146603e-16,1.518332813415293318e-16,1.516780884803376917e-16,1.524560130024578237e-16,1.542546434600018570e-16,1.571839099854776705e-16,1.613801732192118729e-16,1.670111381499625353e-16,1.742818678687429751e-16,1.834424735721620347e-16,1.947985046211829319e-16,2.087260735918446628e-16,2.256953144448318949e-16,2.463082975942690396e-16,2.713613786011007627e-16,3.019476261889347104e-16,3.396242258777881233e-16,3.866863886076308582e-16,4.466225398074736485e-16,5.248955988104614684e-16,6.303463424986295960e-16,7.778504443030085803e-16,9.936609782305718545e-16,1.326861730637994721e-15,1.875859293440112170e-15,2.855321367399591586e-15,4.784222622490082625e-15
4.103853657823738999e-16,3.812237350413885026e-16,3.558579425426455778e-16,3.142201740773346518e-16,2.944987034824527848e-16,2.768854163555044621e-16,2.610170122474222144e-16,2.466012194341646971e-16,2.334134575362673861e-16,2.212891419789293174e-16,2.101119113908098251e-16,1.998002611244590877e-16,1.902953487151192629e-16,1.815519673424589084e-16,1.735331497742119422e-16,1.662075841452553636e-16,1.595487364331570396e-16,1.535346393348890902e-16,1.481480930590012338e-16,1.433769308176793108e-16,1.392144311602916884e-16,1.356598634345782509e-16,1.327191928046882432e-16,1.304059864398896823e-16,1.287425590935198895e-16,1.277614236254145014e-16,1.275070979409754205e-16,1.280383761134399953e-16,1.294311509886946615e-16,1.317819330723455961e-16,1.352122791965224546e-16,1.398743560811617743e-16,1.459581518534324656e-16,1.537010038196529958e-16,1.634007749859299865e-16,1.754349376289344796e-16,1.902895278771887320e-16,2.086048397719542345e-16,2.312495821987194628e-16,2.594429415239415086e-16,2.949582703798843806e-16,3.404680740527838371e-16,4.001431798656591564e-16,4.807328067333452445e-16,5.936085813940324477e-16,7.588629474708126701e-16,1.014088720263645707e-15,1.434669291820871844e-15,2.185026124937804861e-15,3.662505651969441364e-15
3.803711054351232057e-16,3.511719367154140219e-16,3.258606411319587163e-16,2.875710681316403962e-16,2.683179494454151187e-16,2.512935147453584561e-16,2.361183733540204966e-16,2.224728009036547932e-16,2.100972168341538772e-16,1.987903675156365343e-16,1.884035818312075313e-16,1.788314015667146945e-16,1.700002554546050877e-16,1.618576482956079446e-16,1.543638477406256307e-16,1.474867034389738223e-16,1.411991281972019399e-16,1.354781051672057303e-16,1.303045470298666949e-16,1.256633851470509073e-16,1.215438206711408700e-16,1.179396792225332616e-16,1.148498938311933627e-16,1.122790928764573297e-16,1.102384813418862297e-16,1.087468115445434666e-16,1.078317486527699595e-16,1.075315729533354427e-16,1.078973593827371923e-16,1.089957724021930368e-16,1.109126685084147491e-16,1.137577699439531394e-16,1.176708076334942714e-16,1.228297392494765156e-16,1.294620086604920409e-16,1.378604708312236726e-16,1.484067065154938306e-16,1.616064815287666999e-16,1.781455845348607168e-16,1.989804736709052750e-16,2.254892894829909870e-16,2.597295600766526403e-16,3.048908361697302549e-16,3.661150588424083728e-16,4.520559826393503333e-16,5.780033915317514399e-16,7.725675193398668982e-16,1.093105003336017866e-15,1.664627793863920385e-15,2.788882217378436993e-15
3.556234161357187308e-16,3.263230662254332794e-16,3.009678904444631892e-16,2.651647983848820679e-16,2.461776585591887132e-16,2.295223641000324720e-16,2.148182153669076467e-16,2.017340609191332324e-16,1.899890072691487190e-16,1.793533261079085132e-16,1.696474761610047225e-16,1.607379700786953050e-16,1.525298638748738319e-16,1.449571531368019878e-16,1.379732302870866850e-16,1.315432742475724786e-16,1.256393911004388182e-16,1.202381592055312733e-16,1.153196966728904575e-16,1.108674640668992584e-16,1.068683525417630235e-16,1.033128994202751354e-16,1.001956069235463973e-16,9.751533610191773670e-17,9.527592417165262384e-17,9.348686268130700992e-17,9.216427952576198966e-17,9.133218050331768656e-17,9.102406719272153719e-17,9.128505014882422216e-17,9.217462637160591082e-17,9.377034570538334123e-17,9.617272129312141335e-17,9.951188370382624052e-17,1.039567536506094151e-16,1.097280194723440891e-16,1.171168950041576765e-16,1.265131727131117887e-16,1.384484697522122232e-16,1.536651596188081362e-16,1.732298406653720628e-16,1.987261734315936756e-16,2.325936231210143663e-16,2.787448847680272441e-16,3.437414881533640546e-16,4.391531993016259395e-16,5.866015513870798894e-16,8.293780261657951524e-16,1.261679501066748907e-15,2.110336327124266105e-15
3.352654853271519545e-16,3.058429446572282203e-16,2.803977183689864909e-16,2.464470795289483498e-16,2.275888666258705014e-16,2.111411592810907227e-16,1.967301464314260443e-16,1.840249195048585423e-16,1.727364553072342743e-16,1.626183502365847044e-16,1.534678221896106266e-16,1.451254292516772397e-16,1.374720881109230109e-16,1.304230013569678715e-16,1.239194661143677401e-16,1.179204142973156903e-16,1.123955013398003348e-16,1.073206058616327578e-16,1.026755323761640257e-16,9.844314044079320564e-17,9.460915691032179135e-17,9.116225574865355184e-17,8.809425579623027441e-17,8.540037922105424846e-17,8.307967981026776722e-17,8.113551019423473023e-17,7.957621832002447959e-17,7.841603821415432181e-17,7.767626561500974856e-17,7.738681313460059071e-17,7.758828253919851877e-17,7.833473420221756432e-17,7.969744484563477102e-17,8.177005430218789000e-17,8.467573531945467770e-17,8.857737008631576188e-17,9.369228236307708792e-17,1.003141797554153737e-16,1.088466547392195768e-16,1.198560245881792221e-16,1.341573542682560290e-16,1.529594453305196793e-16,1.781182975872524870e-16,2.125982817937315812e-16,2.613500705257447654e-16,3.330722325247454316e-16,4.439722200865792975e-16,6.264086526751569029e-16,9.505608157295916745e-16,1.584725811349403161e-15
3.185397984432019674e-16,2.889979048742615324e-16,2.634491423158383291e-16,2.308896669431702056e-16,2.120761429384944884e-16,1.957281005584178215e-16,1.814814118548923889e-16,1.690115958036873663e-16,1.580307055124748564e-16,1.482864312901836538e-16,1.395627380924478212e-16,1.316810357063541531e-16,1.245003654647467872e-16,1.179152462236382349e-16,1.118506841104486010e-16,1.062550618162087868e-16,1.010925929472470652e-16,9.633712873428473490e-17,9.196769640114381592e-17,8.796714983052923163e-17,8.432067831199954777e-17,8.101601255363062104e-17,7.804344473689296320e-17,7.539598006876054212e-17,7.306963649597834369e-17,7.106376192042787719e-17,6.938151527148376013e-17,6.803055317707456174e-17,6.702377073823198643e-17,6.638053682262821016e-17,6.612816136035901518e-17,6.630395477077235731e-17,6.695803222813665759e-17,6.815718503229725591e-17,6.999031012370852399e-17,7.257615889074443537e-17,7.607460120468842759e-17,8.070339052029885866e-17,8.676373572469409317e-17,9.468042669113862517e-17,1.050667820075213716e-16,1.188333871827961030e-16,1.373770869520849068e-16,1.629232701972868605e-16,1.991752339594199739e-16,2.526133142787893620e-16,3.352594796407378477e-16,4.710031988981678759e-16,7.113742650981493656e-16,1.179113562474029805e-15
3.048045829289727548e-16,2.751573518633155913e-16,2.495094025798758592e-16,2.180062571427665083e-16,1.991908350625271230e-16,1.828767602355332496e-16,1.687092157887861384e-16,1.563720571150345363e-16,1.455831595126065190e-16,1.360915946950047715e-16,1.276768394464814359e-16,1.201494857137972984e-16,1.133525507269160634e-16,1.071620010594905075e-16,1.014851855824053223e-16,9.625658318681991966e-17,9.143148351290258460e-17,8.697922399677329464e-17,8.287721744614228263e-17,7.910789206205044790e-17,7.565630516907412263e-17,7.250981509114456020e-17,6.965793245931553114e-17,6.709238573607860278e-17,6.480732490916280275e-17,6.279953486598188984e-17,6.106878253327644231e-17,5.961826736142805174e-17,5.845522893738028885e-17,5.759176533680388517e-17,5.704594136386671104e-17,5.684326863521573971e-17,5.701888767249257525e-17,5.762020864535477768e-17,5.871117301577590396e-17,6.037796896520208361e-17,6.273740301366975800e-17,6.594955461539944258e-17,7.023689163346618689e-17,7.591429488625536705e-17,8.343745760282451370e-17,9.348357883395163906e-17,1.070908865697415521e-16,1.259100062180359554e-16,1.526783277316398130e-16,1.921638993597482260e-16,2.531620952213198803e-16,3.530319861584316657e-16,5.289075062452431738e-16,8.683178383796070971e-16
2.935239392961065293e-16,2.637890147561909733e-16,2.380542974335527255e-16,2.073631954296417006e-16,1.885235475384244600e-16,1.722073295436227699e-16,1.580673113851164052e-16,1.457952702853898939e-16,1.351162358394955961e-16,1.257843529043584643e-16,1.175804507555228520e-16,1.103114352744648000e-16,1.038111554491775659e-16,9.794187970645063467e-17,9.259508489960632030e-17,8.769024115030339590e-17,8.317100317626891617e-17,7.899944260588538858e-17,7.514952377731014054e-17,7.160248841034416891e-17,6.834319517187565453e-17,6.535891848698688495e-17,6.263885258553538947e-17,6.017405973996353548e-17,5.795759336034097105e-17,5.598463959772791480e-17,5.425275563809974737e-17,5.276222628636431165e-17,5.151643093614145692e-17,5.052250914882190934e-17,4.979213460479978102e-17,4.934260518533761605e-17,4.919846219416701755e-17,4.939341340898621745e-17,4.997351542552820335e-17,5.100136004436085183e-17,5.256234297452496210e-17,5.477397024152012061e-17,5.780002907391690499e-17,6.187274111784617007e-17,6.732836611915220846e-17,7.466630512418351969e-17,8.465076134233696121e-17,9.849278483279855519e-17,1.181914560609230944e-16,1.472074730908109076e-16,1.918751042322833702e-16,2.645752163360383723e-16,3.914715431506835827e-16,6.332785227713039356e-16
2.842548347922356339e-16,2.544495153457681000e-16,2.286428144339063539e-16,1.985836634728099027e-16,1.797117309318354850e-16,1.633761157926790301e-16,1.492352579407996978e-16,1.369873835186042798e-16,1.263642492141723589e-16,1.171261270962206081e-16,1.090581427302419904e-16,1.019682591889540345e-16,9.568697069285492929e-17,9.006841226306762845e-17,8.499205867072272138e-17,8.036368740907150645e-17,7.611430507212649642e-17,7.219651620979685604e-17,6.857872854942379900e-17,6.523971774095323971e-17,6.216367581501583488e-17,5.933781986002130823e-17,5.675128872023197616e-17,5.439486328313882324e-17,5.226100286558599608e-17,5.034393295774366099e-17,4.863981285105363832e-17,4.714699598894780525e-17,4.586628856213478110e-17,4.480144377778586982e-17,4.395972838275112095e-17,4.335272530566042238e-17,4.299754361966022354e-17,4.291821907266509196e-17,4.314809435664448271e-17,4.373290635260467101e-17,4.473542201947130742e-17,4.624230374720608749e-17,4.837453492437273782e-17,5.130365759588276192e-17,5.527774141946565888e-17,6.066426735893553984e-17,6.802337608700760828e-17,7.823803117051232885e-17,9.275569249297277928e-17,1.140603155000319745e-16,1.466489771830842657e-16,1.991922209993450757e-16,2.896985937762384610e-16,4.590341733653772817e-16
2.766333638750582242e-16,2.467728376698107372e-16,2.209083617416394139e-16,1.913465867012617588e-16,1.724419245239537971e-16,1.560806821381808988e-16,1.419253216386073773e-16,1.296788921884462103e-16,1.190787285224911950e-16,1.098908426543797148e-16,1.019055451486783668e-16,9.493430365998875011e-17,8.880818086010557358e-17,8.337791304232231564e-17,7.851542082925449400e-17,7.411571736687521472e-17,7.009796348426842440e-17,6.640429926507214085e-17,6.299580560976643425e-17,5.984728807862101494e-17,5.694146176457002664e-17,5.426526627015157544e-17,5.180787527093606961e-17,4.956001709316866135e-17,4.751387779467831217e-17,4.566313916395000302e-17,4.400309628453865115e-17,4.253084945726084266e-17,4.124548709326266144e-17,4.014845797201057479e-17,3.924398992037811832e-17,3.853968739642834466e-17,3.804744625787184038e-17,3.778447983968685641e-17,3.777511690807292432e-17,3.805309146476300091e-17,3.866498961718184860e-17,3.967533200883525760e-17,4.117425898276339051e-17,4.328943043245871991e-17,4.620494853362177717e-17,5.019235623466503986e-17,5.566312926237806810e-17,6.326100726811542899e-17,7.403133412478974967e-17,8.974706767808061806e-17,1.135716821834407756e-16,1.514945624325248213e-16,2.156718930974301656e-16,3.328775610491904697e-16
2.703617365311781320e-16,2.404585484424541269e-16,2.145486648460433905e-16,1.853822158089501232e-16,1.664479343169362629e-16,1.500607056411728200e-16,1.358857201232570333e-16,1.236295690997678875e-16,1.130337885974116634e-16,1.038692057814853588e-16,9.593106294796443341e-17,8.903514914800135380e-17,8.301520309145068681e-17,7.772187820178324947e-17,7.302338308135350554e-17,6.880741620634240338e-17,6.498335632178540313e-17,6.148319649834872824e-17,5.825971005668377242e-17,5.528239018571946110e-17,5.253149382046531703e-17,4.999325539167633504e-17,4.765682904372733982e-17,4.551300565921979400e-17,4.355389597736647381e-17,4.177290660977351219e-17,4.016481925059470338e-17,3.872593391330924643e-17,3.745419911089866186e-17,3.634949654592192135e-17,3.541395465933700176e-17,3.465239981589524656e-17,3.407305843696448277e-17,3.368831673593855782e-17,3.351609790765377707e-17,3.358157930744436253e-17,3.391978306284958772e-17,3.457937419904261632e-17,3.562837123460304024e-17,3.716292803221441376e-17,3.932118743053504638e-17,4.230576542638107765e-17,4.642141670322905867e-17,5.214044316454570988e-17,6.022087851923621782e-17,7.192995285845710209e-17,8.948871092578073027e-17,1.170092804015044480e-16,1.626041864762811072e-16,2.434968118665297487e-16
2.651967099671732799e-16,2.352608424005128040e-16,2.093157322946441941e-16,1.804661021938717662e-16,1.615065830054006348e-16,1.450957584445938371e-16,1.309006599946076886e-16,1.186303307015028988e-16,1.080294275270022470e-16,9.887253313404359239e-17,9.095908876257806103e-17,8.410909235826001488e-17,7.815977472491879181e-17,7.296358726652405621e-17,6.838783627661129380e-17,6.431601123455073228e-17,6.065026358727102258e-17,5.731373232440596648e-17,5.425080614429603748e-17,5.142478686265928811e-17,4.881254168312307849e-17,4.639905455474241679e-17,4.417329072497081785e-17,4.212613326686664957e-17,4.024973218246791759e-17,3.853738806440020000e-17,3.698359717911683516e-17,3.558415981730123185e-17,3.433627331465681702e-17,3.323875377551152876e-17,3.229227464078570358e-17,3.149971261234028530e-17,3.086669671992960573e-17,3.040217751564711239e-17,3.011950096442265219e-17,3.003771493890339044e-17,3.018354500529625269e-17,3.059427260842111307e-17,3.132203336041068844e-17,3.244037509719445227e-17,3.405450872137329323e-17,3.631776661909829174e-17,3.945883665305370488e-17,4.382835265325285492e-17,4.998163814395791910e-17,5.883191243098221404e-17,7.194746704987479952e-17,9.215877149840806093e-17,1.248720006592591498e-16,1.810954955618832111e-16
2.609396953683213375e-16,2.309789059527014562e-16,2.050066697690467314e-16,1.764126631038605046e-16,1.574323835786419736e-16,1.410013500247082595e-16,1.267878194348554212e-16,1.145025285425281769e-16,1.038923786729947522e-16,9.473478550847886119e-17,8.683255667353076091e-17,8.000936938947253595e-17,7.410598528804775816e-17,6.897750167646303214e-17,6.449205513232954430e-17,6.053130318036456972e-17,5.699260193614438943e-17,5.379200064018931174e-17,5.086615591002570340e-17,4.817187019042899278e-17,4.568192460778828848e-17,4.337950323398162593e-17,4.125314186058727692e-17,3.929378267041491244e-17,3.749367225580720527e-17,3.584610830496147393e-17,3.434544787722860078e-17,3.298718939433010125e-17,3.176803981708998168e-17,3.068609051300669354e-17,2.974100198542472674e-17,2.893427404047680026e-17,2.826968306627776413e-17,2.775371542985726919e-17,2.739642055803680810e-17,2.721242230008126487e-17,2.722245239258292815e-17,2.745556860257717171e-17,2.795244340484963331e-17,2.877033863528803576e-17,2.999080399658035912e-17,3.173189387279496153e-17,3.416810877425963988e-17,3.756396269074121935e-17,4.233246816690726323e-17,4.914095164534047475e-17,5.911061704033955157e-17,7.421031979394899510e-17,9.807227521606293136e-17,1.377707157874960652e-16
2.574284999700402935e-16,2.274487279583114822e-16,2.014556738034335316e-16,1.730690391292425585e-16,1.540720405534463315e-16,1.376242771869037443e-16,1.233948470045028174e-16,1.110955719982767524e-16,1.004750309937596887e-16,9.131270942212493971e-17,8.341402530322329014e-17,7.660569050378600064e-17,7.073165846137472960e-17,6.564986620990155061e-17,6.123018045169287041e-17,5.735402379879872644e-17,5.391593876573477424e-17,5.082668934772689961e-17,4.801628052879364829e-17,4.543521421401686277e-17,4.305181201829041291e-17,4.084700469812422218e-17,3.880863876418670894e-17,3.692764200571909227e-17,3.519637572647060809e-17,3.363294488443058659e-17,3.215740618196357576e-17,3.083934629346523730e-17,2.965038224132545628e-17,2.858813553940714598e-17,2.765155020438424150e-17,2.684114615165408739e-17,2.615936690972772109e-17,2.561091502397742742e-17,2.520344342501965132e-17,2.494835317328648535e-17,2.486200643847033756e-17,2.496746882592864952e-17,2.529707258254081486e-17,2.589625993727215754e-17,2.682946876186411660e-17,2.818935922406768058e-17,3.011165960200623269e-17,3.279973485073234609e-17,3.656653260798062792e-17,4.190864143354188565e-17,4.964184762803192567e-17,6.115892409729348754e-17,7.893959267665462067e-17,1.075999063570801693e-16
2.545305375181647236e-16,2.245362893172802542e-16,1.985272645091698010e-16,1.703095874385781074e-16,1.512992917996991763e-16,1.348379700021456116e-16,1.205951996103078441e-16,1.082837221586553397e-16,9.765316010242693715e-17,8.848456480907884987e-17,8.058534300485893137e-17,7.378463007986835048e-17,6.792909790915662813e-17,6.287936561939335750e-17,5.850737606771952999e-17,5.469526413433690574e-17,5.133620589547682344e-17,4.833726306271364429e-17,4.562301322947008436e-17,4.313820625584129871e-17,4.084664682351914108e-17,3.872671339930969943e-17,3.676533071053571979e-17,3.495332023047892664e-17,3.328315050730133804e-17,3.174826161344578664e-17,3.034297135704876845e-17,2.906251710698211448e-17,2.790309060809263926e-17,2.686195557738934733e-17,2.593756497119705817e-17,2.512973557503657568e-17,2.443994284785789868e-17,2.387158488619852345e-17,2.343055445454479061e-17,2.312588043038803777e-17,2.297070680994455101e-17,2.298368860146411458e-17,2.319103013254873579e-17,2.362951366994264781e-17,2.435108888756759386e-17,2.542997849547395676e-17,2.697394541194609423e-17,2.914261637006133358e-17,3.217812052047343325e-17,3.645783603840364206e-17,4.258800029145101102e-17,5.157506416465901510e-17,6.514892649361024846e-17,8.638972724037036695e-17
2.521372953978436416e-16,2.221319740258548097e-16,1.961106751212138250e-16,1.680311291808139106e-16,1.490103293804606868e-16,1.325381168849877176e-16,1.182844721671485271e-16,1.059626563522709379e-16,9.532311484873083821e-17,8.614802801588482337e-17,7.824630768406076231e-17,7.144899145980224564e-17,6.560499024891457904e-17,6.057729434702930641e-17,5.623994020959324397e-17,5.247625810921388873e-17,4.917902356045870971e-17,4.625285326047394653e-17,4.361806834508255690e-17,4.121439590305565121e-17,3.900131537390857766e-17,3.695452136023450549e-17,3.505984263137043685e-17,3.330790337054509857e-17,3.169125701459713268e-17,3.020344008935367650e-17,2.883880975929256928e-17,2.759256757991272704e-17,2.646078366039154263e-17,2.544049519483587436e-17,2.452980250924098144e-17,2.372801349716801474e-17,2.303589366403748551e-17,2.245587716706210723e-17,2.199254995767987514e-17,2.165317582683472435e-17,2.144850269693211215e-17,2.139390387182113098e-17,2.151103241882782380e-17,2.183025747548014620e-17,2.239431794310974121e-17,2.326390948401005666e-17,2.452641574314767564e-17,2.630986086327653948e-17,2.880575554231397878e-17,3.230743565092624117e-17,3.727600370147509223e-17,4.445643611008701338e-17,5.508625420633810712e-17,7.127653075940348827e-17
2.501598473585346430e-16,2.201460191103589483e-16,1.941152547837154203e-16,1.661489432655726624e-16,1.471198692581818890e-16,1.306389924738249273e-16,1.163765419276106979e-16,1.040461692143264344e-16,9.339890266861837705e-17,8.421775457963808780e-17,7.631277475498114127e-17,6.951648239902018186e-17,6.367959864384325140e-17,5.866713278123999213e-17,5.435506299330865003e-17,5.062809739210020929e-17,4.737920300848316813e-17,4.451148173895868682e-17,4.194201228727532917e-17,3.960627496294298470e-17,3.745977782573119972e-17,3.547554712992107303e-17,3.363821247219977548e-17,3.193812439160377773e-17,3.036789267366751086e-17,2.892114837624868536e-17,2.759230283118680232e-17,2.637655367633840676e-17,2.526990031023884250e-17,2.426922757075071738e-17,2.337238551914679807e-17,2.257831106581213108e-17,2.188724388452681055e-17,2.130089846685116689e-17,2.082288011606818425e-17,2.045912491345077688e-17,2.021857716585116604e-17,2.011414136623171661e-17,2.016405270345230394e-17,2.039387787830449171e-17,2.083948535997909453e-17,2.155153292724211277e-17,2.260238092600020717e-17,2.409695052750490582e-17,2.619013652774486558e-17,2.911529369476267347e-17,3.323171364787479980e-17,3.910500606519258964e-17,4.764464167041784060e-17,6.034020895894684247e-17
2.485252222571990064e-16,2.185048242517662643e-16,1.924667273994067472e-16,1.645934391829335212e-16,1.455578484844166499e-16,1.290700892493112146e-16,1.148005616981569677e-16,1.024631945589811569e-16,9.180943977508099847e-17,8.262292725430934746e-17,7.471457016362403824e-17,6.791803957297626529e-17,6.208550628439743880e-17,5.708366158914714361e-17,5.279020212623528494e-17,4.909121876260415076e-17,4.588019773884164206e-17,4.305937765208822102e-17,4.054341758112875066e-17,3.826428926841467601e-17,3.617396429228880820e-17,3.424292713110909740e-17,3.245457335739482819e-17,3.079892549033149516e-17,2.926862121146416408e-17,2.785737728554308036e-17,2.655966348600319843e-17,2.537069102921157161e-17,2.428642103512757649e-17,2.330363649082132109e-17,2.242000916326767534e-17,2.163420375777570422e-17,2.094606711107505645e-17,2.035677124373613777e-17,1.986917805877942555e-17,1.948821441597179429e-17,1.922145241693644863e-17,1.907991923936822259e-17,1.907925524824525030e-17,1.924139059925382500e-17,1.959701084668823940e-17,2.018923804000955866e-17,2.107922430590040668e-17,2.235479051142183681e-17,2.414399920943809530e-17,2.663680709297022317e-17,3.012003657775641230e-17,3.503428559852324994e-17,4.206657203067356420e-17,5.229977216259157979e-17
2.471734655781049785e-16,2.171479643277231814e-16,1.911042252295023592e-16,1.633074179648682192e-16,1.442666860615267137e-16,1.277734607227812534e-16,1.134982617370349948e-16,1.011552298267784435e-16,9.049609070351051150e-17,8.130497464122866244e-17,7.339344126875942498e-17,6.659605874853228198e-17,6.076615429582685193e-17,5.577180304352833188e-17,5.149218056651219598e-17,4.781467074731436648e-17,4.463343237195699322e-17,4.185027632112617471e-17,3.937808273417368491e-17,3.714596552810257201e-17,3.510282107962869665e-17,3.321678881116874840e-17,3.147005207602147979e-17,2.985227454573379841e-17,2.835609731354385665e-17,2.697531113922339652e-17,2.570444219558496941e-17,2.453872334856607014e-17,2.347409707934644986e-17,2.250727824219149793e-17,2.163581086232866283e-17,2.085815838417394289e-17,2.017387207695433500e-17,1.958371153528732120e-17,1.908996993471841834e-17,1.869679958592781118e-17,1.841071815374027354e-17,1.824131070476819087e-17,1.820222694682377156e-17,1.831261410380197719e-17,1.859920466736068107e-17,1.909939887051550892e-17,1.986588758253827991e-17,2.097367607237478073e-17,2.253090347311056196e-17,2.469568030318438543e-17,2.770244658283467624e-17,3.190318595157057692e-17,3.783115659017509361e-17,4.629713348723093788e-17
2.460552600760432964e-16,2.160257705853209415e-16,1.899774920021462248e-16,1.622438288637776060e-16,1.431990291917096152e-16,1.267014561067634212e-16,1.124217142965095947e-16,1.000740773454975464e-16,8.941054049258977955e-17,8.021554650007250674e-17,7.230117423231305517e-17,6.550269333386204281e-17,5.967435309352619670e-17,5.468535954907572791e-17,5.041613937461552275e-17,4.675523680337075357e-17,4.359752831254070746e-17,4.084467555597894573e-17,3.840827336227039164e-17,3.621509899991011271e-17,3.421144926110356915e-17,3.236334252867869256e-17,3.065181314319622583e-17,2.906615636536129201e-17,2.759899796557579285e-17,2.624419059308332825e-17,2.499631167259852574e-17,2.385061739608293229e-17,2.280304294789599925e-17,2.185026022063884490e-17,2.098971599164521112e-17,2.021972526490258163e-17,1.953961510057559386e-17,1.894982921350614422e-17,1.845222221640263423e-17,1.805034690288109097e-17,1.774990348915133411e-17,1.755935877448368839e-17,1.749082072608725135e-17,1.756128547126984228e-17,1.779443939055102812e-17,1.822329135356206868e-17,1.889407212852858349e-17,1.987206720966438807e-17,2.125043135410151432e-17,2.316357885501798905e-17,2.580750461575370456e-17,2.947029669714195049e-17,3.457685448903300415e-17,4.175176753050259770e-17
2.451299956675460812e-16,2.150973702205072959e-16,1.890455696883619481e-16,1.613639369781948928e-16,1.423159071365267769e-16,1.258148670181650937e-16,1.115314824181222178e-16,9.918013460324146278e-17,8.851299509057641572e-17,7.931476940234878958e-17,7.139793398553531707e-17,6.459830816846094897e-17,5.877087767203394188e-17,5.378576983491830010e-17,4.952445852057242743e-17,4.587650278899604373e-17,4.273747911989021938e-17,4.000906915720491196e-17,3.760191781613222690e-17,3.544098651578768519e-17,3.347031343508126970e-17,3.165406415619865083e-17,2.997221367807161846e-17,2.841369616506368139e-17,2.697110934101539877e-17,2.563835670981669486e-17,2.441006071117967060e-17,2.328150086328046579e-17,2.224861220885559689e-17,2.130802926512727313e-17,2.045713536871838055e-17,1.969413011103331394e-17,1.901816877597709301e-17,1.842945118938023792e-17,1.792949136875753814e-17,1.752137471708441149e-17,1.721016279799063396e-17,1.700344825965199043e-17,1.691213444606599326e-17,1.695153994618036843e-17,1.714298153042053279e-17,1.751606441426960893e-17,1.811203529181193806e-17,1.898872476822732876e-17,2.022788099535649515e-17,2.194605199648433604e-17,2.431060041766637281e-17,2.756277705973500356e-17,3.204966434574234161e-17,3.826562807967909852e-17
2.443642007436611218e-16,2.143290975570236129e-16,1.882745045810185965e-16,1.606358274274606603e-16,1.415852223070702571e-16,1.250814086655861353e-16,1.107950971822554836e-16,9.844074950344355665e-17,8.777067066806146089e-17,7.856977263189751059e-17,7.065083863584918540e-17,6.385012372742877363e-17,5.802320339402934572e-17,5.304095484579301608e-17,4.878572281404659232e-17,4.514793913626482925e-17,4.202382920469644054e-17,3.931519059247819260e-17,3.693198926498746343e-17,3.479770781171935383e-17,3.285451644967313864e-17,3.106495851914434317e-17,2.940805324142935447e-17,2.787239306682763825e-17,2.645054018950456248e-17,2.513643961044775256e-17,2.392475265390997359e-17,2.281078012725289609e-17,2.179045637265986187e-17,2.086039743356636623e-17,2.001792962017529741e-17,1.926116649687599276e-17,1.858912996197630650e-17,1.800182974732184007e-17,1.750051331124314887e-17,1.708789926416083650e-17,1.676854693723926326e-17,1.654936080852661306e-17,1.644029615728499385e-17,1.645535270316995707e-17,1.661398841380700656e-17,1.694314664048073213e-17,1.748019210372957730e-17,1.827717886021312608e-17,1.940707505530751918e-17,2.097279226794396879e-17,2.312007606052694619e-17,2.605530934051136040e-17,3.006868813296511924e-17,3.556158556577280072e-17
2.437302648991987323e-16,2.136931858505573674e-16,1.876363740181661799e-16,1.600331845868372342e-16,1.409805177908988000e-16,1.244744777811764896e-16,1.101858082682760357e-16,9.782903252104268545e-17,8.715655619923396486e-17,7.795345748197721117e-17,7.003275587914465334e-17,6.323105444619209734e-17,5.740440261853770524e-17,5.242428812820753445e-17,4.817377717102301261e-17,4.454404386105770970e-17,4.143189627296109062e-17,3.873929626130601527e-17,3.637571935700834389e-17,3.426346363369588238e-17,3.234314208463692004e-17,3.057590083591990407e-17,2.893991128924394944e-17,2.742345110020506241e-17,2.601904363126854651e-17,2.472066775007623878e-17,2.352301816028925517e-17,2.242141460916528051e-17,2.141179366598632893e-17,2.049075376126472520e-17,1.965558063388185507e-17,1.890431888488192290e-17,1.823588526417871016e-17,1.765013951765521218e-17,1.714811865844690353e-17,1.673225144005058920e-17,1.640669974048357535e-17,1.617782308521739248e-17,1.605482584577907190e-17,1.605066168274499044e-17,1.618332624748301361e-17,1.647765813269754562e-17,1.696797493916583192e-17,1.770181356852135919e-17,1.874531568371594814e-17,2.019086880845645623e-17,2.216769343477655088e-17,2.485584423252797457e-17,2.850324436340117081e-17,3.344357363227173419e-17
2.432053964620767272e-16,2.131667395771670700e-16,1.871081495372658140e-16,1.595342944573832261e-16,1.404799705459158041e-16,1.239721370724543308e-16,1.096815665194915040e-16,9.732281775689895814e-17,8.664838782526434359e-17,7.744347765909069764e-17,6.952129799378228868e-17,6.271872862481188496e-17,5.689220117274895590e-17,5.191370102116571980e-17,4.766689075606376546e-17,4.404357097156088247e-17,4.094106203834305440e-17,3.826150852559960163e-17,3.591402983978682688e-17,3.381997761083496771e-17,3.191866781815884661e-17,3.017005448008041556e-17,2.855156692498257024e-17,2.705119888085135048e-17,2.566143453002251510e-17,2.437628052498775133e-17,2.319046021068301815e-17,2.209931005442730301e-17,2.109876949122690765e-17,2.018542343975552829e-17,1.935652542519278188e-17,1.861006490319927219e-17,1.794487447761623057e-17,1.736069408755847317e-17,1.685839288565815697e-17,1.644016864979691182e-17,1.610986669227616766e-17,1.587341257615474119e-17,1.573941260508998411e-17,1.571998957678604501e-17,1.583197096633072063e-17,1.609853053352132454e-17,1.655157266758606305e-17,1.723507329694760195e-17,1.820981920137692512e-17,1.955999501306625605e-17,2.140204689094047057e-17,2.389589382546908449e-17,2.725757586136483095e-17,3.177062887536058631e-17
2.427707697738256977e-16,2.127308452367905569e-16,1.866708252825312811e-16,1.591212290440985973e-16,1.400655680581337687e-16,1.235562848551835364e-16,1.092641671381610779e-16,9.690382186887447928e-17,8.622779732165316801e-17,7.702139841817155134e-17,6.909798846079812771e-17,6.229466947631619903e-17,5.646818232295004577e-17,5.149091861841103733e-17,4.724703343475964046e-17,4.362885335637007753e-17,4.053414255146345730e-17,3.786522878288200476e-17,3.553097279374158889e-17,3.345196523298673783e-17,3.156644759859419573e-17,2.983336221940046973e-17,2.822949577067327026e-17,2.674259005294485263e-17,2.536509173689903231e-17,2.409103041183611989e-17,2.291515405670150736e-17,2.183281391921025481e-17,2.083995265644156926e-17,1.993314482409451240e-17,1.910961815372988141e-17,1.836731753689505153e-17,1.770500746760496583e-17,1.712233112144826914e-17,1.662002236553370517e-17,1.620009330785076436e-17,1.586613531204312519e-17,1.562372621547835537e-17,1.548099353717354366e-17,1.544939535283607094e-17,1.554482534755528609e-17,1.578912857234756854e-17,1.621228765530795247e-17,1.685545164220134787e-17,1.777517404237057392e-17,1.904918999684229820e-17,2.078397288153656277e-17,2.312386633640003127e-17,2.626054317185148276e-17,3.043981031241301428e-17
2.424108276166434658e-16,2.123698799655351941e-16,1.863087053134701762e-16,1.587791778247524778e-16,1.397224341880621383e-16,1.232119754090558586e-16,1.089186038457627173e-16,9.655695512544443056e-17,8.587962720375230492e-17,7.667200489514074340e-17,6.874757380338313047e-17,6.194361524765934775e-17,5.611712105320245178e-17,5.114081509660599439e-17,4.689925887706854310e-17,4.328521897351324919e-17,4.019684006674720434e-17,3.753662331460563358e-17,3.521324041132551635e-17,3.314666936052587104e-17,3.127426188057784825e-17,2.955410632078635120e-17,2.796243745994898427e-17,2.648677648903154530e-17,2.511953538833029228e-17,2.385476281630497286e-17,2.268722798372300994e-17,2.161229524314896469e-17,2.062591073120901384e-17,1.972464117547667012e-17,1.890569366419717150e-17,1.816697691534067038e-17,1.750720007858559494e-17,1.692592744361952703e-17,1.642378297669589120e-17,1.600262828182449661e-17,1.566584950059797349e-17,1.541874404971356391e-17,1.526905401836815703e-17,1.522770309090440908e-17,1.530983511344190660e-17,1.553622944701032332e-17,1.593533022892724311e-17,1.654602899765649234e-17,1.742151037078337691e-17,1.863440032918791175e-17,2.028331933543179407e-17,2.250044284553143273e-17,2.545860216881058848e-17,2.937482187029835606e-17
